AdmissionApplicationId,LeadId,AppliedProgramId,ApplicationNumber,CreatedAtUtc,SubmittedAt,ApprovedAt,Status
8a39979e-3f20-4ec2-8f84-831c2897fb7b,881b86b2-4ae2-4515-aca8-a99bef24ab4d,9325b646-8287-4df6-996a-41ec66b17582,APP-1001,2025-12-08 07:20:38,2025-12-09 07:20:38,2025-12-11 07:20:38,Approved
d868ea72-6d56-4df0-bccc-5527376f067b,dcb22483-c36c-4522-8090-86e9275f774f,765d30fd-a305-49fa-b4f2-4980b74f061d,APP-1002,2026-07-25 09:10:38,2026-07-26 09:10:38,,Submitted
efac4e1d-b270-40ac-8c31-6031c16de1a4,d527068c-eb0b-4f1c-9e07-616df2711d36,767740b7-433c-4802-8601-83709bcc60bd,APP-1003,2026-02-12 05:24:24,2026-02-13 05:24:24,2026-02-17 05:24:24,Approved
46afdc30-a714-4ad4-b18a-b58687fd76fd,8aec8574-f8b2-415a-9580-44f543424cb7,845d4008-28a2-4100-a0e1-bbc32d68f893,APP-1004,2026-01-27 19:37:09,2026-01-28 19:37:09,2026-01-31 19:37:09,Approved
845f4b06-bc5a-439f-9046-f8dd374822f4,6d4446fc-e9d2-431d-b6f5-044483fed339,fa5b641f-d203-4a2b-bd47-f20084a5d921,APP-1005,2026-04-11 02:15:41,2026-04-12 02:15:41,2026-04-14 02:15:41,Approved
84159dcd-66bf-4c50-9b90-72a146bac86b,c4aa84aa-f49d-4f94-8f32-931173613b27,07e5c0c8-5b84-4d9c-9415-3f32d30d9fb8,APP-1006,2026-07-15 14:14:15,2026-07-16 14:14:15,,Submitted
7631c6ef-8425-47dc-88d4-69cadf675d9f,029ee8cd-10d8-4f63-85d8-7f73ad3a6723,9325b646-8287-4df6-996a-41ec66b17582,APP-1007,2025-10-11 14:19:04,2025-10-12 14:19:04,2025-10-15 14:19:04,Approved
c0b75678-714e-4850-924c-7e78a501af33,021083a4-ad5d-4c75-b9e3-8807b2181545,767740b7-433c-4802-8601-83709bcc60bd,APP-1008,2026-01-20 10:40:02,2026-01-21 10:40:02,,Submitted
68f90fe3-7a02-4070-ab3d-1ee6fc1de772,825eccba-5fa9-4fdd-905a-d50b9f4c2b4b,5748c059-9d7b-46ca-b79a-031a7a874a84,APP-1009,2025-11-30 22:15:47,2025-12-01 22:15:47,2025-12-04 22:15:47,Approved
6aca5e62-b477-45ad-8695-361b04f9c4ed,7da48b38-70fa-436b-a112-01e84b8a3458,d29debd6-c789-49ce-be94-0110e09cde1a,APP-1010,2026-07-04 06:30:41,2026-07-05 06:30:41,2026-07-07 06:30:41,Approved
a634d8a6-c0ff-45fd-ac19-ae6d45944d93,008cb042-0466-41d9-94a3-b8d6b9ae1a47,df824abd-0606-4f9c-abad-e620feb70e17,APP-1011,2026-05-02 18:00:03,2026-05-03 18:00:03,,Submitted
0b614530-b21c-43cb-bd44-b01f06892c1e,82e1a7ea-1da9-4b34-99c2-23c427145cb4,4e540f28-f12a-41d4-9709-8755c96f144c,APP-1012,2025-11-14 17:45:50,2025-11-15 17:45:50,2025-11-17 17:45:50,Approved
c260210d-5212-41cc-84f7-b8ffa8da32d9,052021f9-74d5-446f-a3d5-7e540c24abc7,d8fd47d6-3f47-46d9-8830-d5a83586edcb,APP-1013,2026-05-17 16:16:11,2026-05-18 16:16:11,,Submitted
c788f1dc-268b-4493-9ffe-82e09dbc819d,b5e8861c-b0f6-42b0-a02f-5316a5d67d69,5281f626-a47a-4a26-a982-c6cefcf4681b,APP-1014,2026-02-02 08:22:27,2026-02-03 08:22:27,2026-02-08 08:22:27,Approved
f059b74d-4ba4-4187-834d-155734e58d86,93969f8f-d64b-4bbb-a0cf-dd32212b11aa,97b7dcce-ac39-433d-ae2f-5eb1c07df9d2,APP-1015,2026-07-12 16:35:39,2026-07-13 16:35:39,2026-07-15 16:35:39,Approved
558e4977-0fb8-4834-bf82-7f02d60d5656,1b2fb303-9f14-4ea2-8550-3ff903ceed23,9964521c-5c90-486b-9bcc-8401b50ed3bb,APP-1016,2026-07-07 22:41:40,2026-07-08 22:41:40,2026-07-12 22:41:40,Approved
74f8beda-9a60-4833-9b31-2ae1932d8202,51c3dc58-6437-4238-adca-940530a4a4ed,6996f4f9-345a-4a2c-a2a7-b23e381eaf87,APP-1017,2026-07-18 09:28:10,2026-07-19 09:28:10,2026-07-24 09:28:10,Approved
3165ebc6-220d-4b75-b4f2-e430ddfc2fa2,af788cb1-4835-4121-b5c5-bb88c8418919,5e03e5f9-508e-4636-b4ee-401e771656b9,APP-1018,2026-01-26 21:41:34,2026-01-27 21:41:34,2026-01-28 21:41:34,Approved
a1d686fc-064f-49c9-adc3-42fd1dca32f1,c04b1659-3e3b-4c5b-84f1-2be84608e4eb,b7f0bb49-fd3d-4d27-8893-a2674ec1c6d7,APP-1019,2026-02-08 23:53:43,2026-02-09 23:53:43,2026-02-13 23:53:43,Approved
e10ebedd-a065-44f8-b9be-aacfd68e378f,a6a570cc-a5b5-45f6-ad80-0dfefad057a8,b7f0bb49-fd3d-4d27-8893-a2674ec1c6d7,APP-1020,2025-09-07 09:13:35,2025-09-08 09:13:35,2025-09-10 09:13:35,Approved
f21b380a-035d-4746-8af0-3f82f4a60cbb,04b183f7-8f1f-4a7a-b6a4-93a09bd8b740,0847ac69-27bd-4023-a695-0c0dd31bc8ea,APP-1021,2025-10-21 00:04:51,2025-10-22 00:04:51,2025-10-26 00:04:51,Approved
f84822a9-35ce-4382-aa71-238375caa367,61286364-0df7-4c27-b4bd-4fc9cf29fd15,5e03e5f9-508e-4636-b4ee-401e771656b9,APP-1022,2026-01-10 22:05:11,2026-01-11 22:05:11,2026-01-13 22:05:11,Approved
bf05d6fe-7bae-4962-b8c2-15e99af0e706,34a52cd6-1e16-4a02-84aa-0370f0d044a3,5748c059-9d7b-46ca-b79a-031a7a874a84,APP-1023,2026-07-22 01:59:49,2026-07-23 01:59:49,2026-07-28 01:59:49,Approved
f503e4eb-bf56-49ef-b318-fb47d53a7d1c,0ff3bf71-0a42-4f13-ae40-3fe2856988b1,5281f626-a47a-4a26-a982-c6cefcf4681b,APP-1024,2025-11-03 13:03:57,2025-11-04 13:03:57,2025-11-09 13:03:57,Approved
ab357960-f2d9-4e27-b019-76c7e1d01421,e0369e3b-8a8c-4d90-90bb-f519b3f5f146,0847ac69-27bd-4023-a695-0c0dd31bc8ea,APP-1025,2026-03-28 13:08:50,2026-03-29 13:08:50,2026-04-04 13:08:50,Approved
a80a2aa0-f75d-4e36-9cf8-17d8ea900cae,bbd7ccf8-32c3-49dc-9fb3-2ff067241c7c,6996f4f9-345a-4a2c-a2a7-b23e381eaf87,APP-1026,2026-05-19 13:59:22,2026-05-20 13:59:22,2026-05-25 13:59:22,Approved
d664a726-e22a-4c51-93fa-7f8fc343a3aa,1151880e-bf6e-40fc-926e-ee3994652319,cf7531b2-c2a6-45fc-ad0b-a7edbd390c97,APP-1027,2025-09-09 16:15:19,2025-09-10 16:15:19,2025-09-14 16:15:19,Approved
aa2ba908-cf04-47aa-92c1-00c74ed346ab,ad2d001f-a9a1-4db0-b65d-a1384c503746,c6810b98-73d2-40ed-a3ac-203a0779d182,APP-1028,2026-08-22 17:55:27,2026-08-23 17:55:27,2026-08-27 17:55:27,Approved
b7b0301e-d6e0-46a6-a62b-caf720ef63bc,b75bef3e-02b0-474e-83b2-2aaf8183bc32,9705fb0a-cc3f-4f50-bbd5-1321017f8f90,APP-1029,2025-09-06 06:00:33,2025-09-07 06:00:33,2025-09-08 06:00:33,Approved
ac22a86b-55d1-492d-a6a6-8b31ee6b5b8b,d73afbf6-c0bf-471b-a72e-b512e7cb4fed,6996f4f9-345a-4a2c-a2a7-b23e381eaf87,APP-1030,2026-02-24 07:18:26,2026-02-25 07:18:26,2026-03-01 07:18:26,Approved
ffab3ff2-9f30-46d8-8a9e-367a4a301d37,48f6713b-bb37-45f1-bc8b-0974fe5cb347,c5ab6c6e-0b66-4554-b4c3-d51b6b1af1d3,APP-1031,2026-02-25 19:22:50,2026-02-26 19:22:50,2026-03-03 19:22:50,Approved
d294be93-278c-4577-b10a-9c3484ff383f,b3fa86d8-0b72-468a-a9a5-afa41c5ed27f,767740b7-433c-4802-8601-83709bcc60bd,APP-1032,2025-11-20 07:45:26,2025-11-21 07:45:26,,Submitted
04174a1e-9870-475f-9d4b-e05668cda9cb,51965a74-99e2-4d36-a568-e9f4b1be5384,d29debd6-c789-49ce-be94-0110e09cde1a,APP-1033,2026-03-08 15:12:47,2026-03-09 15:12:47,,Submitted
dd377716-ddff-4277-8691-e33122c2815d,aed25658-0d51-4009-9ae4-15a15a50fc37,581b291c-2bf7-4932-abdd-6a269b477e4f,APP-1034,2026-08-02 13:46:00,2026-08-03 13:46:00,2026-08-08 13:46:00,Approved
dc361487-f927-4687-83f0-6ae9e6c3fa75,8e4f1857-16b1-4916-b3c0-45342bd73b0f,257b6c00-e6fd-4ca5-9850-2bc1de5ec2f0,APP-1035,2026-03-24 07:50:46,2026-03-25 07:50:46,2026-03-28 07:50:46,Approved
c1de0604-c62f-4fa6-ae19-d3e4b19691fe,b3d5cb6f-2183-47dc-9270-756246fb2e9b,5281f626-a47a-4a26-a982-c6cefcf4681b,APP-1036,2026-03-28 16:36:10,2026-03-29 16:36:10,2026-04-05 16:36:10,Approved
ccbf5ec1-007c-4675-870e-8c9e9c59f69e,79b82b50-987f-49d3-8261-864a4af828ec,97b7dcce-ac39-433d-ae2f-5eb1c07df9d2,APP-1037,2026-01-12 20:13:56,2026-01-13 20:13:56,2026-01-19 20:13:56,Approved
84365cf2-2613-4543-9882-ea365f926a5c,c3195cff-654a-4b2a-8c50-8060489adb10,767740b7-433c-4802-8601-83709bcc60bd,APP-1038,2025-11-16 10:26:05,2025-11-17 10:26:05,2025-11-20 10:26:05,Approved
776591ea-2168-4270-90b9-243f8854c187,7ffd0c8c-9f44-4429-8a41-5f3383db7e6d,59a6d057-f43f-4214-82a5-4f70745d2ad5,APP-1039,2025-09-19 20:25:20,2025-09-20 20:25:20,2025-09-27 20:25:20,Approved
285059a2-fd88-4b9e-a56d-7882edb46fd5,7b0df98d-309e-4548-8b8e-bb2852a0d67c,b7f0bb49-fd3d-4d27-8893-a2674ec1c6d7,APP-1040,2025-09-29 09:46:38,2025-09-30 09:46:38,2025-10-04 09:46:38,Approved
34a88ccb-8076-456e-b347-7216c6382dcd,f9a5de19-ab70-478d-8878-5d2672a413d3,5281f626-a47a-4a26-a982-c6cefcf4681b,APP-1041,2026-08-24 14:43:49,2026-08-25 14:43:49,2026-08-28 14:43:49,Approved
25bde5a0-b72f-4ed1-87c9-fadd3dfe8977,2f9cc584-ef6e-4b69-aed9-ab47ac4aeb91,b7f0bb49-fd3d-4d27-8893-a2674ec1c6d7,APP-1042,2026-04-14 04:23:55,2026-04-15 04:23:55,2026-04-18 04:23:55,Approved
a13d743f-5fe4-4b19-820f-574f7539f309,0d2a2aea-0329-46ef-bdc2-eb8929249191,6996f4f9-345a-4a2c-a2a7-b23e381eaf87,APP-1043,2026-01-24 13:45:29,2026-01-25 13:45:29,2026-01-26 13:45:29,Approved
31e36a58-475c-471c-b108-3fc73d6bd16b,a555208d-f9b4-4858-892f-f02818ac32e5,cf7531b2-c2a6-45fc-ad0b-a7edbd390c97,APP-1044,2026-03-02 16:36:59,2026-03-03 16:36:59,2026-03-10 16:36:59,Approved
778da854-c0b0-48b6-b5c9-d2ce2e6c4b41,f6ef2d13-b00e-4173-bbc2-184369aef881,07e5c0c8-5b84-4d9c-9415-3f32d30d9fb8,APP-1045,2025-10-27 19:29:09,2025-10-28 19:29:09,,Submitted
7276c015-3f93-4594-86b2-4f5805f32498,908c1483-4eb0-4825-b97d-71c5cbe4c3c2,9325b646-8287-4df6-996a-41ec66b17582,APP-1046,2026-04-01 01:27:29,2026-04-02 01:27:29,2026-04-06 01:27:29,Approved
c5809770-4fb3-4471-9006-bc784f0d1e4f,9f3d853f-b54e-49a4-85e1-2335b9cc82d4,df824abd-0606-4f9c-abad-e620feb70e17,APP-1047,2025-09-14 06:45:19,2025-09-15 06:45:19,2025-09-17 06:45:19,Approved
55e6af69-6d8b-435e-8bff-4cf075de4bc3,1391e22f-d72c-4c04-a03c-1c0643bb9811,9325b646-8287-4df6-996a-41ec66b17582,APP-1048,2026-05-08 01:37:43,2026-05-09 01:37:43,2026-05-13 01:37:43,Approved
bd97d692-cd13-44aa-af17-98d543c3a65c,d4060bc1-c3d0-4c01-a9aa-d961711af79f,4e540f28-f12a-41d4-9709-8755c96f144c,APP-1049,2025-09-10 06:55:22,2025-09-11 06:55:22,2025-09-18 06:55:22,Approved
2b09d358-1c9b-4f5d-af0e-5cfac44cb303,1487bd86-4961-4257-ae0d-bac4aa104b09,d8fd47d6-3f47-46d9-8830-d5a83586edcb,APP-1050,2026-06-01 16:44:40,2026-06-02 16:44:40,2026-06-08 16:44:40,Approved
46cf3904-c5ae-46b6-abca-3640268f57b4,6e1af58d-0112-4842-9ce9-7d6be00de009,d29debd6-c789-49ce-be94-0110e09cde1a,APP-1051,2026-02-13 13:37:50,2026-02-14 13:37:50,2026-02-19 13:37:50,Approved
9d88c3d1-d7d1-4470-8709-be44b4f4aad4,3b38cdf3-caeb-467a-8269-e1484ceefe4b,c6810b98-73d2-40ed-a3ac-203a0779d182,APP-1052,2026-04-10 04:14:25,2026-04-11 04:14:25,,Submitted
bf02988f-c323-4b47-b1a7-4e4d91b87d2a,4ee50d06-6d40-4cd7-98ef-0322dc0f76da,767740b7-433c-4802-8601-83709bcc60bd,APP-1053,2026-06-12 13:01:19,2026-06-13 13:01:19,2026-06-14 13:01:19,Approved
6297e90b-6431-45a7-bdea-ae0cc7377788,8c883a18-c7da-4b54-a920-77459fac8af0,07e5c0c8-5b84-4d9c-9415-3f32d30d9fb8,APP-1054,2026-03-29 06:51:08,2026-03-30 06:51:08,2026-04-01 06:51:08,Approved
100a19b8-98a9-45bd-82b7-58071cdf8995,a28cfc35-5919-46ac-8103-93095ab48f2a,5748c059-9d7b-46ca-b79a-031a7a874a84,APP-1055,2025-12-15 17:10:31,2025-12-16 17:10:31,2025-12-21 17:10:31,Approved
4b913b2c-72af-460f-9d61-ff4f4ac9f2f3,7108b7d7-b698-410a-aff7-4a4b2d82e772,765d30fd-a305-49fa-b4f2-4980b74f061d,APP-1056,2026-08-11 07:43:29,2026-08-12 07:43:29,2026-08-14 07:43:29,Approved
b9c84cc8-3e29-4ec8-b561-d092eb25b6fe,0a519945-a761-4baa-b98c-b6b84fffe108,07e5c0c8-5b84-4d9c-9415-3f32d30d9fb8,APP-1057,2026-06-21 19:49:46,2026-06-22 19:49:46,2026-06-28 19:49:46,Approved
c9417260-ecca-4886-90cf-89c4fdbacb26,208304d0-0491-4c08-918f-5178ae569f68,b7f0bb49-fd3d-4d27-8893-a2674ec1c6d7,APP-1058,2026-06-19 11:55:56,2026-06-20 11:55:56,2026-06-26 11:55:56,Approved
0f9e208d-fbeb-47d5-bd3b-432b4596189d,f754f910-03b5-4576-a691-d70fbaaf8f8f,767740b7-433c-4802-8601-83709bcc60bd,APP-1059,2026-08-23 08:10:04,2026-08-24 08:10:04,2026-08-25 08:10:04,Approved
7cf5ff71-cac0-41c1-a894-78ab3135ae4e,20c8e73c-7ccb-43d3-afc7-f79877e25cf6,62efebb5-0225-4d19-be1a-28aab79723e6,APP-1060,2026-06-29 01:22:25,2026-06-30 01:22:25,2026-07-05 01:22:25,Approved
9bf7b58c-0fa0-4c85-809a-70a72d8c6b19,2f051c96-b082-40bf-a465-c964bafc4729,83c752ca-7595-4d4e-8916-0d59a7d5b746,APP-1061,2026-06-02 09:27:10,2026-06-03 09:27:10,2026-06-06 09:27:10,Approved
cae667c6-605c-402d-bde0-f45de4626026,32f939ed-3050-446d-8495-de3d55622ab3,9325b646-8287-4df6-996a-41ec66b17582,APP-1062,2025-12-29 06:42:02,2025-12-30 06:42:02,2026-01-01 06:42:02,Approved
db216b28-239a-4195-9220-13009227afff,157b94be-a736-4416-9826-f62ef17a7cc8,5748c059-9d7b-46ca-b79a-031a7a874a84,APP-1063,2026-03-18 07:54:39,2026-03-19 07:54:39,2026-03-25 07:54:39,Approved
1288881b-6298-4521-9064-b7edcd4a39fd,f89606ba-4fd1-45fc-9646-f5f2ae7c07b2,0847ac69-27bd-4023-a695-0c0dd31bc8ea,APP-1064,2025-10-24 08:53:41,2025-10-25 08:53:41,2025-10-30 08:53:41,Approved
c0966da9-7e92-4bdd-978b-b330de7b22b0,58a52b25-4052-4876-be1e-c6029c9a64b1,5281f626-a47a-4a26-a982-c6cefcf4681b,APP-1065,2026-08-12 23:56:48,2026-08-13 23:56:48,2026-08-20 23:56:48,Approved
0dfeb303-a992-41bf-8052-a1af0903ff2d,e48fb8de-8489-4205-b611-886ef0303996,5e03e5f9-508e-4636-b4ee-401e771656b9,APP-1066,2025-10-23 03:11:23,2025-10-24 03:11:23,2025-10-29 03:11:23,Approved
664a2f3b-462f-4fd7-8c22-046e9e54c0ec,19e4c327-32b8-446a-a7b1-73cff6cdfcb3,4e540f28-f12a-41d4-9709-8755c96f144c,APP-1067,2026-05-25 08:02:11,2026-05-26 08:02:11,2026-06-02 08:02:11,Approved
7731ef57-68c7-433c-9a28-88a30f0b6daa,fca9a373-8fca-4acf-9d27-75ac2a52feb2,c025efd7-3be1-4812-b39e-475d6ecfae4d,APP-1068,2026-07-22 11:28:34,2026-07-23 11:28:34,2026-07-29 11:28:34,Approved
3b15b667-885d-4aa0-abc4-e5537a3f44e2,bfb399ff-05de-4e71-977a-705af40cdd62,9325b646-8287-4df6-996a-41ec66b17582,APP-1069,2025-10-31 08:45:48,2025-11-01 08:45:48,2025-11-07 08:45:48,Approved
46226ec8-86e5-4fae-a7b0-d5d9f3ff5721,06873ac6-885d-4d66-874f-523e5067dd63,4e540f28-f12a-41d4-9709-8755c96f144c,APP-1070,2026-06-11 01:15:38,2026-06-12 01:15:38,2026-06-19 01:15:38,Approved
0deba010-6fa3-4eb2-a647-64f92370cb83,8cc054e9-879b-4b82-bc46-3d387a4bc978,9325b646-8287-4df6-996a-41ec66b17582,APP-1071,2025-11-13 17:49:11,2025-11-14 17:49:11,2025-11-20 17:49:11,Approved
115b0a4a-9d9f-4e33-8005-762aeb15c3a1,f534593d-1aeb-4a1e-8df2-760d1729384f,07e5c0c8-5b84-4d9c-9415-3f32d30d9fb8,APP-1072,2025-10-11 09:28:04,2025-10-12 09:28:04,2025-10-14 09:28:04,Approved
fbbd48e7-817f-4c19-bc14-6eda2449eb97,fccd6777-d388-4712-bb08-59916d2ec74d,9964521c-5c90-486b-9bcc-8401b50ed3bb,APP-1073,2026-01-05 00:27:02,2026-01-06 00:27:02,2026-01-09 00:27:02,Approved
690c0cbc-2ea6-4899-a72a-beada7e14dda,4ce6e7ec-b24a-42fd-832d-9117404a1d82,c025efd7-3be1-4812-b39e-475d6ecfae4d,APP-1074,2026-06-27 17:06:10,2026-06-28 17:06:10,2026-07-03 17:06:10,Approved
78d80d41-485a-4898-97aa-d3a273dc0706,e5c858df-27ec-42f5-85f3-925e4699c827,525fadd1-ceee-46d4-b6c9-8d759fe1bbcc,APP-1075,2026-03-08 21:00:00,2026-03-09 21:00:00,2026-03-14 21:00:00,Approved
759c24c4-ea6e-4904-98a6-b2f8d1427e1c,cc995fee-886c-45c6-8e12-4b9cd07de945,9964521c-5c90-486b-9bcc-8401b50ed3bb,APP-1076,2026-03-12 02:27:14,2026-03-13 02:27:14,2026-03-18 02:27:14,Approved
f847794b-f019-40d6-aa77-422b94490665,9e9c0226-2c7e-4025-8157-61056469ca0a,62efebb5-0225-4d19-be1a-28aab79723e6,APP-1077,2026-02-28 22:30:51,2026-03-01 22:30:51,2026-03-02 22:30:51,Approved
cccabfb5-bb8f-4ab6-ab1a-f64ce4e6cbcf,a7f51996-acf3-4109-9133-dfe0c073c17d,b7f0bb49-fd3d-4d27-8893-a2674ec1c6d7,APP-1078,2025-11-19 14:25:49,2025-11-20 14:25:49,2025-11-26 14:25:49,Approved
fdf0c547-55e9-447e-9e25-a997d2a00327,59b61ada-f98a-48b2-a57c-527de8f7e29c,525fadd1-ceee-46d4-b6c9-8d759fe1bbcc,APP-1079,2026-01-10 19:36:25,2026-01-11 19:36:25,2026-01-18 19:36:25,Approved
08a60a08-3809-4481-8782-810ffb06de07,bfd868f1-986d-48ea-adef-41e7ca615f97,62efebb5-0225-4d19-be1a-28aab79723e6,APP-1080,2026-01-17 21:24:32,2026-01-18 21:24:32,2026-01-23 21:24:32,Approved
14afdae9-5e39-4e4f-b2e3-3b23abc81624,3e9364c9-2e8d-4494-990c-d387d726622f,767740b7-433c-4802-8601-83709bcc60bd,APP-1081,2026-04-08 20:17:46,2026-04-09 20:17:46,2026-04-10 20:17:46,Approved
ee69793a-fc8c-4304-beba-665766b7d87f,90540f24-ab91-4906-8c1a-6dc8988b5723,d8fd47d6-3f47-46d9-8830-d5a83586edcb,APP-1082,2025-09-02 03:07:39,2025-09-03 03:07:39,2025-09-10 03:07:39,Approved
cb6d1608-155a-47e8-b2d5-d1915f707ed1,f55b534f-a1e1-4f21-b768-8eb8e89c28a0,cf7531b2-c2a6-45fc-ad0b-a7edbd390c97,APP-1083,2026-07-07 03:19:00,2026-07-08 03:19:00,2026-07-15 03:19:00,Approved
8c1319ab-8ab7-481c-b235-6fa69d9d6a94,11cfba97-c7c1-41e6-811d-9f8f29bda819,4e540f28-f12a-41d4-9709-8755c96f144c,APP-1084,2026-02-15 08:21:12,2026-02-16 08:21:12,2026-02-20 08:21:12,Approved
8525e208-b1fd-4cc1-ac67-362abc9c3fce,7285e12b-ecbb-4584-a660-00a540e1a0dc,83c752ca-7595-4d4e-8916-0d59a7d5b746,APP-1085,2025-11-19 18:29:16,2025-11-20 18:29:16,2025-11-24 18:29:16,Approved
6fccae24-2c7d-4b86-9ee5-b978b9a0e678,6289d718-0a0a-4df9-85f1-c6a3fee3e4f7,fa5b641f-d203-4a2b-bd47-f20084a5d921,APP-1086,2026-06-20 01:06:02,2026-06-21 01:06:02,2026-06-27 01:06:02,Approved
3c89f9ac-abe3-400f-8446-4ec064c3aef8,9250a786-0805-4d9e-a4bf-d1571fc1d6b0,845d4008-28a2-4100-a0e1-bbc32d68f893,APP-1087,2025-11-09 06:38:51,2025-11-10 06:38:51,2025-11-11 06:38:51,Approved
b753d838-8280-40cf-80b9-dff78bc9fb96,6d3326bb-593a-4401-a083-bb178bc39286,5e03e5f9-508e-4636-b4ee-401e771656b9,APP-1088,2026-04-30 09:25:53,2026-05-01 09:25:53,2026-05-02 09:25:53,Approved
8fface8e-7ec8-4a4f-b91c-d1980043f33f,ecfab647-a2aa-4801-824d-6cee293c3fb0,b7f0bb49-fd3d-4d27-8893-a2674ec1c6d7,APP-1089,2026-07-25 06:12:43,2026-07-26 06:12:43,2026-07-30 06:12:43,Approved
db66a2ed-3921-406f-97ce-98ca2c898ce1,d2fdd685-8cf8-4e71-af3c-51373e030cef,581b291c-2bf7-4932-abdd-6a269b477e4f,APP-1090,2026-03-24 17:01:07,2026-03-25 17:01:07,2026-03-28 17:01:07,Approved
fae109fa-f728-4cf3-9dbb-985e921f6a22,55551431-cf9a-4d81-9aae-b506609d37e9,59a6d057-f43f-4214-82a5-4f70745d2ad5,APP-1091,2026-01-19 04:35:40,2026-01-20 04:35:40,2026-01-24 04:35:40,Approved
42d2c2eb-3e2a-4f13-8475-7efb44eb2ad3,9a81d9b0-f420-402d-aa5d-dc8baf9db9de,5281f626-a47a-4a26-a982-c6cefcf4681b,APP-1092,2026-08-26 10:40:41,2026-08-27 10:40:41,2026-09-03 10:40:41,Approved
6089d96c-aea6-44b3-8c48-5c6cd6c0a48b,113ff84b-d228-4dc1-aaa8-a88553416807,767740b7-433c-4802-8601-83709bcc60bd,APP-1093,2025-11-27 01:13:04,2025-11-28 01:13:04,2025-12-02 01:13:04,Approved
f1bc196b-9820-4a99-bc8a-23a6ba8fe6e6,12188cbd-acaf-4b67-af3c-f3dd32b95393,5748c059-9d7b-46ca-b79a-031a7a874a84,APP-1094,2026-03-13 22:33:04,2026-03-14 22:33:04,2026-03-17 22:33:04,Approved
4e6b2b34-9792-4bac-8134-39cd06342d9b,41a57973-511d-4ac2-aa48-aedb522dc76c,845d4008-28a2-4100-a0e1-bbc32d68f893,APP-1095,2026-01-10 02:33:10,2026-01-11 02:33:10,2026-01-15 02:33:10,Approved
f6e6d1b7-54a1-4326-a551-86b64c1ccedd,55accee0-1fdb-4fad-8f17-68a64016a31e,845d4008-28a2-4100-a0e1-bbc32d68f893,APP-1096,2026-01-24 22:41:32,2026-01-25 22:41:32,2026-02-01 22:41:32,Approved
4082ef21-f5a9-43c7-9e45-fb1df13fd44e,2cec86e6-0a21-442f-b0b4-84109ca27df7,4e540f28-f12a-41d4-9709-8755c96f144c,APP-1097,2026-06-29 05:45:59,2026-06-30 05:45:59,2026-07-01 05:45:59,Approved
bc5a3037-716c-4544-ab22-dbbb27e62c2e,9e16180f-0e12-49c9-81de-11269adb8386,5e03e5f9-508e-4636-b4ee-401e771656b9,APP-1098,2026-05-19 09:48:06,2026-05-20 09:48:06,2026-05-25 09:48:06,Approved
930950eb-5ec2-4216-8464-af8cfe8f11db,e6142ba9-15cd-4f32-8b8b-d7f19d72fea0,59a6d057-f43f-4214-82a5-4f70745d2ad5,APP-1099,2026-05-10 21:15:55,2026-05-11 21:15:55,2026-05-17 21:15:55,Approved
dbe62db3-5352-43ff-b1d4-90076f06813b,ef091327-d39e-480c-a935-e2d69414c9a4,9705fb0a-cc3f-4f50-bbd5-1321017f8f90,APP-1100,2025-10-13 21:54:43,2025-10-14 21:54:43,2025-10-19 21:54:43,Approved
b3649075-6307-41d5-ab52-46a12a1ffa97,06d6666a-3aa2-4765-9fd7-bc750352aa9a,9705fb0a-cc3f-4f50-bbd5-1321017f8f90,APP-1101,2026-04-02 07:28:25,2026-04-03 07:28:25,2026-04-09 07:28:25,Approved
94f6c73d-0813-4935-834e-707e7df49a87,df880dac-0e31-47f1-bc52-94a23d3bd167,83c752ca-7595-4d4e-8916-0d59a7d5b746,APP-1102,2026-05-16 03:29:19,2026-05-17 03:29:19,2026-05-23 03:29:19,Approved
c7a43e44-d786-4094-b06b-2e793407eabe,04ced344-7133-4164-9224-bd2f22f2d3c3,df824abd-0606-4f9c-abad-e620feb70e17,APP-1103,2025-10-20 19:29:53,2025-10-21 19:29:53,2025-10-26 19:29:53,Approved
8e1eea1c-3e0f-4ba6-903e-ad3ea443dea1,c89c82f2-2827-49ee-af08-6b6bfcde7b41,5281f626-a47a-4a26-a982-c6cefcf4681b,APP-1104,2025-09-28 12:16:20,2025-09-29 12:16:20,2025-10-01 12:16:20,Approved
9e6d9cb5-d33c-45d3-a99b-4f8fb5992c17,39ae35da-bcb1-4d54-8ed2-c7066d005f20,9705fb0a-cc3f-4f50-bbd5-1321017f8f90,APP-1105,2025-09-03 17:48:55,2025-09-04 17:48:55,2025-09-09 17:48:55,Approved
173c44ff-23e4-4157-926b-0f40c303537d,ee7cafbd-cbb7-4c92-a0cd-0a231ebe9216,4e540f28-f12a-41d4-9709-8755c96f144c,APP-1106,2025-12-04 00:00:12,2025-12-05 00:00:12,2025-12-07 00:00:12,Approved
284f2c21-cb1f-4982-96e0-fb1bde3abf99,39ef8de0-9450-4dde-abeb-cc984b3577c8,0847ac69-27bd-4023-a695-0c0dd31bc8ea,APP-1107,2025-12-24 05:45:49,2025-12-25 05:45:49,2025-12-30 05:45:49,Approved
f6f0b8b9-90ef-4db3-841f-e2ab0c2cea76,50015b02-6f20-4f09-b23e-b4f9465cb342,525fadd1-ceee-46d4-b6c9-8d759fe1bbcc,APP-1108,2026-08-13 09:28:36,2026-08-14 09:28:36,2026-08-19 09:28:36,Approved
572de640-f346-47ec-b16d-1e664b1d4ddf,973d9546-54c1-42ea-8fbb-67db94b3a89e,767740b7-433c-4802-8601-83709bcc60bd,APP-1109,2026-06-06 10:45:32,2026-06-07 10:45:32,2026-06-10 10:45:32,Approved
7c083644-4de4-4afe-a42a-f6511c8cf90c,2bf73c62-d8d0-47fa-9991-f0b84751f4b0,845d4008-28a2-4100-a0e1-bbc32d68f893,APP-1110,2026-02-13 17:37:23,2026-02-14 17:37:23,2026-02-18 17:37:23,Approved
06939fc3-bd39-4a7f-aecb-d8630fc13373,f74721a0-2644-4bfa-aba0-a402bfbeb9f8,0847ac69-27bd-4023-a695-0c0dd31bc8ea,APP-1111,2025-12-14 23:04:06,2025-12-15 23:04:06,2025-12-22 23:04:06,Approved
cfd55735-0ac9-4263-972f-09e06db38a31,13b1dfb5-318d-44a8-b312-a4cca9a0a5d3,cf7531b2-c2a6-45fc-ad0b-a7edbd390c97,APP-1112,2026-07-26 07:17:03,2026-07-27 07:17:03,2026-08-03 07:17:03,Approved
a8cf8534-a1d0-4785-b953-27b1764a0f0f,0e27a819-7d5e-43c6-8050-04926b835c79,07e5c0c8-5b84-4d9c-9415-3f32d30d9fb8,APP-1113,2026-03-06 16:25:44,2026-03-07 16:25:44,2026-03-09 16:25:44,Approved
d60f098b-ae06-478d-b88e-1fb27dcab511,3069edb8-affd-458e-8216-b26b5641d81e,9325b646-8287-4df6-996a-41ec66b17582,APP-1114,2025-12-29 02:22:53,2025-12-30 02:22:53,2026-01-06 02:22:53,Approved
9d534d88-161c-43ab-bb71-cd3cfe8f9a2b,a64e4036-b365-493e-b9e4-b423c2072fca,767740b7-433c-4802-8601-83709bcc60bd,APP-1115,2026-03-02 05:06:50,2026-03-03 05:06:50,2026-03-04 05:06:50,Approved
eeb97664-f34b-4785-8a18-e55536ec2ee8,a5555ae9-0f86-4fef-abf9-e9c20d04ea83,845d4008-28a2-4100-a0e1-bbc32d68f893,APP-1116,2026-01-23 21:18:33,2026-01-24 21:18:33,2026-01-30 21:18:33,Approved
2d5b4547-c07f-4db0-9af2-bafd3c511267,db0747af-23d9-4140-ab69-005732a03e42,d8fd47d6-3f47-46d9-8830-d5a83586edcb,APP-1117,2026-01-22 23:26:02,2026-01-23 23:26:02,2026-01-29 23:26:02,Approved
eeffec27-b7d6-4776-8baa-37c99e8c95e5,23b79df0-a39f-4623-a8d7-fc4de4f24ae7,df824abd-0606-4f9c-abad-e620feb70e17,APP-1118,2025-09-15 20:01:40,2025-09-16 20:01:40,,Submitted
e843c5cc-e8a7-4296-8204-a7f15ca6aa88,b5685120-811a-4a75-8797-5229d54ce3df,62efebb5-0225-4d19-be1a-28aab79723e6,APP-1119,2025-11-23 15:44:25,2025-11-24 15:44:25,2025-11-27 15:44:25,Approved
2a10e863-66c0-41c1-9dfa-025a221ec3f5,e5e4cd57-8bb0-451b-9d88-2abd2e4a9a80,cf7531b2-c2a6-45fc-ad0b-a7edbd390c97,APP-1120,2026-05-14 19:14:05,2026-05-15 19:14:05,2026-05-21 19:14:05,Approved
01091547-e6cd-4c1c-bd56-994345294f5d,a5bd82d4-233e-44e1-ac03-283034e6a996,257b6c00-e6fd-4ca5-9850-2bc1de5ec2f0,APP-1121,2025-09-22 08:19:56,2025-09-23 08:19:56,2025-09-27 08:19:56,Approved
aa51c69b-3989-4a5e-93da-014ddd7dbba4,fe070818-aa5a-4780-91fe-6c5ae1b8d8d6,d29debd6-c789-49ce-be94-0110e09cde1a,APP-1122,2026-02-16 13:07:49,2026-02-17 13:07:49,2026-02-21 13:07:49,Approved
c12271f4-2f85-4a5f-8d07-ccb941ce7f09,dc1df9fa-3cc0-447f-97df-a7bb0823ac86,767740b7-433c-4802-8601-83709bcc60bd,APP-1123,2026-08-06 09:44:25,2026-08-07 09:44:25,2026-08-09 09:44:25,Approved
2e77d939-cdc9-429b-82c0-33c0c394e145,eae5129b-8824-4b75-b6e0-86f7b5985b64,cf7531b2-c2a6-45fc-ad0b-a7edbd390c97,APP-1124,2026-07-24 00:30:01,2026-07-25 00:30:01,2026-07-31 00:30:01,Approved
a9a74a22-3402-4795-a1f0-c5d6084a208a,84a6c734-4110-4812-858b-0baec6ac74b5,c6810b98-73d2-40ed-a3ac-203a0779d182,APP-1125,2025-09-25 22:57:48,2025-09-26 22:57:48,2025-10-03 22:57:48,Approved
4bc22b67-6055-44b7-b49b-e7ab0db97a7e,57cd806b-89de-4786-beb0-dbe796972116,9964521c-5c90-486b-9bcc-8401b50ed3bb,APP-1126,2026-04-13 04:51:23,2026-04-14 04:51:23,2026-04-21 04:51:23,Approved
b248f76c-4de1-40b6-91a3-85d0279634c3,ce1fdfb6-8011-417c-ba67-7bab90096a72,9325b646-8287-4df6-996a-41ec66b17582,APP-1127,2026-06-24 01:09:29,2026-06-25 01:09:29,2026-06-29 01:09:29,Approved
38d3b1e1-eca0-416f-8ed8-c982489ea5ac,1a812608-4379-4674-a761-b42e6064fffb,c025efd7-3be1-4812-b39e-475d6ecfae4d,APP-1128,2025-09-14 09:23:47,2025-09-15 09:23:47,2025-09-21 09:23:47,Approved
