Id,LeadSource,AssignedCounsellorId,InterestedProgramId,CreatedAtUtc,FirstName,LastName,Email,Phone,Status
881b86b2-4ae2-4515-aca8-a99bef24ab4d,Instagram,23992e53-f2f6-4871-8abb-0944551c7d7f,9325b646-8287-4df6-996a-41ec66b17582,2025-11-29 07:20:38,Lakshmi,Narayan,lakshmi.narayan163@example-mail.test,+91-9286303748,AdmissionDone
dcb22483-c36c-4522-8090-86e9275f774f,Website,,765d30fd-a305-49fa-b4f2-4980b74f061d,2026-07-23 09:10:38,Netra,Date,netra.date713@example-mail.test,+91-9570292961,Interested
d527068c-eb0b-4f1c-9e07-616df2711d36,Referral,4edf389c-896d-4fb8-847b-7c4bf1964034,767740b7-433c-4802-8601-83709bcc60bd,2026-02-10 05:24:24,Gopal,Dani,gopal.dani120@example-mail.test,+91-9242262385,AdmissionDone
81b5abd9-725b-4407-b780-056dbe96d234,Instagram,389ae608-450b-410a-be42-33cf7418447d,,2026-03-08 05:22:23,Xalak,Kaur,xalak.kaur283@example-mail.test,+91-9415218409,Lost
8aec8574-f8b2-415a-9580-44f543424cb7,Referral,35be7a13-9644-4ee1-9a73-28d319659ae9,845d4008-28a2-4100-a0e1-bbc32d68f893,2026-01-20 19:37:09,Champak,Nazareth,champak.nazareth795@example-mail.test,+91-9366566658,AdmissionDone
6d4446fc-e9d2-431d-b6f5-044483fed339,Instagram,389ae608-450b-410a-be42-33cf7418447d,fa5b641f-d203-4a2b-bd47-f20084a5d921,2026-04-06 02:15:41,George,Golla,george.golla669@example-mail.test,+91-9056734341,AdmissionDone
c4aa84aa-f49d-4f94-8f32-931173613b27,Website,23992e53-f2f6-4871-8abb-0944551c7d7f,07e5c0c8-5b84-4d9c-9415-3f32d30d9fb8,2026-07-14 14:14:15,Dipta,Kamdar,dipta.kamdar743@example-mail.test,+91-9364717641,Interested
72cc0690-b96e-43f0-ba40-61e824fe869b,Referral,71afa0ce-3ef7-4a52-b766-2d07ea82757b,525fadd1-ceee-46d4-b6c9-8d759fe1bbcc,2025-10-19 19:36:30,Yahvi,Memon,yahvi.memon559@example-mail.test,+91-9578246469,Lost
029ee8cd-10d8-4f63-85d8-7f73ad3a6723,Walk-in,5cc97cd4-f582-474d-b1b6-cf1850c81e6a,9325b646-8287-4df6-996a-41ec66b17582,2025-10-04 14:19:04,Nathaniel,Mandal,nathaniel.mandal171@example-mail.test,+91-9699736535,AdmissionDone
021083a4-ad5d-4c75-b9e3-8807b2181545,,d7815410-827b-456e-9643-5434b387173d,767740b7-433c-4802-8601-83709bcc60bd,2026-01-16 10:40:02,Aayush,Pant,aayush.pant735@example-mail.test,+91-9432463656,ThirdCall
825eccba-5fa9-4fdd-905a-d50b9f4c2b4b,Referral,f6d73d15-6cc5-4cfb-a148-8a620ce0143c,5748c059-9d7b-46ca-b79a-031a7a874a84,2025-11-29 22:15:47,Aarush,Chowdhury,aarush.chowdhury349@example-mail.test,+91-9883084287,AdmissionDone
7da48b38-70fa-436b-a112-01e84b8a3458,Instagram,5cc97cd4-f582-474d-b1b6-cf1850c81e6a,d29debd6-c789-49ce-be94-0110e09cde1a,2026-06-28 06:30:41,Samesh,Lalla,samesh.lalla829@example-mail.test,+91-9678899430,AdmissionDone
008cb042-0466-41d9-94a3-b8d6b9ae1a47,,5bc6a940-ec05-4a1e-a5e4-0bb3430ea73d,df824abd-0606-4f9c-abad-e620feb70e17,2026-05-01 18:00:03,Henry,Mohanty,henry.mohanty315@example-mail.test,+91-9190064589,Prospect
82e1a7ea-1da9-4b34-99c2-23c427145cb4,Referral,ab6fe28a-9c5e-4997-94a3-02388060a49b,4e540f28-f12a-41d4-9709-8755c96f144c,2025-11-09 17:45:50,Chakrika,Hari,chakrika.hari509@example-mail.test,+91-9166247522,AdmissionDone
052021f9-74d5-446f-a3d5-7e540c24abc7,Website,19e3e063-8238-4b9c-b8cc-f0cf000198cd,d8fd47d6-3f47-46d9-8830-d5a83586edcb,2026-05-08 16:16:11,Sanya,Ramachandran,sanya.ramachandran237@example-mail.test,+91-9682543479,Prospect
b5e8861c-b0f6-42b0-a02f-5316a5d67d69,Website,2cc6c00b-b150-4b82-bfe6-22b1181a2c23,5281f626-a47a-4a26-a982-c6cefcf4681b,2026-01-25 08:22:27,Lavanya,Gour,lavanya.gour802@example-mail.test,+91-9797218378,AdmissionDone
93969f8f-d64b-4bbb-a0cf-dd32212b11aa,Walk-in,4edf389c-896d-4fb8-847b-7c4bf1964034,97b7dcce-ac39-433d-ae2f-5eb1c07df9d2,2026-07-06 16:35:39,Alexander,Contractor,alexander.contractor751@example-mail.test,+91-9571509840,AdmissionDone
1b2fb303-9f14-4ea2-8550-3ff903ceed23,Website,f6d73d15-6cc5-4cfb-a148-8a620ce0143c,9964521c-5c90-486b-9bcc-8401b50ed3bb,2026-07-05 22:41:40,Eiravati,Sachdev,eiravati.sachdev898@example-mail.test,+91-9422906005,AdmissionDone
51c3dc58-6437-4238-adca-940530a4a4ed,Referral,,6996f4f9-345a-4a2c-a2a7-b23e381eaf87,2026-07-15 09:28:10,Yasti,Karpe,yasti.karpe793@example-mail.test,+91-9842706331,AdmissionDone
af788cb1-4835-4121-b5c5-bb88c8418919,Website,93ffcd04-1032-48d6-b554-b76d9b328170,5e03e5f9-508e-4636-b4ee-401e771656b9,2026-01-23 21:41:34,Vedhika,Garg,vedhika.garg599@example-mail.test,+91-9445183825,AdmissionDone
c04b1659-3e3b-4c5b-84f1-2be84608e4eb,Referral,6ae11536-440d-4f84-88aa-ad8256fe5286,b7f0bb49-fd3d-4d27-8893-a2674ec1c6d7,2026-02-01 23:53:43,Finn,Comar,finn.comar136@example-mail.test,+91-9222810862,AdmissionDone
a6a570cc-a5b5-45f6-ad80-0dfefad057a8,Instagram,410d927e-7633-438e-b3a4-f12868156f71,b7f0bb49-fd3d-4d27-8893-a2674ec1c6d7,2025-09-05 09:13:35,Irya,Kata,irya.kata298@example-mail.test,+91-9999250563,AdmissionDone
04b183f7-8f1f-4a7a-b6a4-93a09bd8b740,Website,ec405de4-7cf5-4aa6-87c0-7b5a8a503944,0847ac69-27bd-4023-a695-0c0dd31bc8ea,2025-10-19 00:04:51,Damyanti,Gola,damyanti.gola42@example-mail.test,+91-9127803613,AdmissionDone
26299aab-9221-4ed0-9a24-6ee08e59b1a8,Instagram,389ae608-450b-410a-be42-33cf7418447d,5748c059-9d7b-46ca-b79a-031a7a874a84,2026-01-16 09:06:53,Sachi,Buch,sachi.buch867@example-mail.test,+91-9227545909,RNR
61286364-0df7-4c27-b4bd-4fc9cf29fd15,Website,ea151489-89c7-446f-b24b-0e88eaba608d,5e03e5f9-508e-4636-b4ee-401e771656b9,2026-01-08 22:05:11,Mekhala,Bahri,mekhala.bahri386@example-mail.test,+91-9422048441,AdmissionDone
34a52cd6-1e16-4a02-84aa-0370f0d044a3,Referral,93ffcd04-1032-48d6-b554-b76d9b328170,5748c059-9d7b-46ca-b79a-031a7a874a84,2026-07-14 01:59:49,Waida,Sane,waida.sane562@example-mail.test,+91-9105295550,AdmissionDone
0ff3bf71-0a42-4f13-ae40-3fe2856988b1,Website,0317bc3f-d01d-4501-8cd6-2b062233beb0,5281f626-a47a-4a26-a982-c6cefcf4681b,2025-10-29 13:03:57,Krisha,Madan,krisha.madan783@example-mail.test,+91-9938204668,AdmissionDone
7cfa81fe-3b16-4025-8637-a5057afd7423,Walk-in,92cdabb9-5ebb-42b5-9923-ac54bd259a72,d8fd47d6-3f47-46d9-8830-d5a83586edcb,2026-08-02 04:38:24,Vedant,Ghosh,vedant.ghosh430@example-mail.test,+91-9860334291,New
e89af70a-3fcf-4202-af68-92ec7a4edf61,Referral,0317bc3f-d01d-4501-8cd6-2b062233beb0,d29debd6-c789-49ce-be94-0110e09cde1a,2026-03-18 22:43:24,Radhika,Agrawal,radhika.agrawal179@example-mail.test,+91-9903224042,NotInterested
e0369e3b-8a8c-4d90-90bb-f519b3f5f146,Website,,0847ac69-27bd-4023-a695-0c0dd31bc8ea,2026-03-23 13:08:50,Qushi,Dixit,qushi.dixit218@example-mail.test,+91-9008671293,AdmissionDone
bbd7ccf8-32c3-49dc-9fb3-2ff067241c7c,Website,93ffcd04-1032-48d6-b554-b76d9b328170,6996f4f9-345a-4a2c-a2a7-b23e381eaf87,2026-05-10 13:59:22,Harita,Saran,harita.saran446@example-mail.test,+91-9279158239,AdmissionDone
1151880e-bf6e-40fc-926e-ee3994652319,Referral,c7337780-fc91-4ce0-9a56-69d6ff5e1f18,cf7531b2-c2a6-45fc-ad0b-a7edbd390c97,2025-09-02 16:15:19,Vedhika,Joshi,vedhika.joshi135@example-mail.test,+91-9169322732,AdmissionDone
ad2d001f-a9a1-4db0-b65d-a1384c503746,Instagram,389ae608-450b-410a-be42-33cf7418447d,c6810b98-73d2-40ed-a3ac-203a0779d182,2026-08-16 17:55:27,Aahana,Ganesh,aahana.ganesh63@example-mail.test,+91-9888133836,AdmissionDone
6a663129-daf1-4c3c-8773-21dc3a0ab0f2,Walk-in,93ffcd04-1032-48d6-b554-b76d9b328170,6996f4f9-345a-4a2c-a2a7-b23e381eaf87,2026-08-08 19:40:30,Megha,Viswanathan,megha.viswanathan153@example-mail.test,+91-9813459573,Lost
b75bef3e-02b0-474e-83b2-2aaf8183bc32,Website,2cc6c00b-b150-4b82-bfe6-22b1181a2c23,,2025-09-02 06:00:33,Gunbir,Balan,gunbir.balan516@example-mail.test,+91-9060530424,AdmissionDone
d73afbf6-c0bf-471b-a72e-b512e7cb4fed,Referral,35be7a13-9644-4ee1-9a73-28d319659ae9,6996f4f9-345a-4a2c-a2a7-b23e381eaf87,2026-02-21 07:18:26,Aadhya,Anne,aadhya.anne350@example-mail.test,+91-9984351256,AdmissionDone
48f6713b-bb37-45f1-bc8b-0974fe5cb347,Website,827222d4-4a60-4081-941d-2adbbf2ca6a9,c5ab6c6e-0b66-4554-b4c3-d51b6b1af1d3,2026-02-16 19:22:50,Lucky,Mody,lucky.mody379@example-mail.test,+91-9843700532,AdmissionDone
e29907e7-4b61-4732-bcd6-2be6beecb509,Walk-in,389ae608-450b-410a-be42-33cf7418447d,257b6c00-e6fd-4ca5-9850-2bc1de5ec2f0,2026-03-14 22:37:40,Farhan,Raghavan,farhan.raghavan214@example-mail.test,+91-9055638210,Invalid
815c0720-012b-49a0-80b7-d3c04b562e53,Walk-in,d7815410-827b-456e-9643-5434b387173d,4e540f28-f12a-41d4-9709-8755c96f144c,2026-06-05 20:39:08,Ayush,Goda,ayush.goda627@example-mail.test,+91-9335941061,Lost
b3fa86d8-0b72-468a-a9a5-afa41c5ed27f,Referral,410d927e-7633-438e-b3a4-f12868156f71,767740b7-433c-4802-8601-83709bcc60bd,2025-11-18 07:45:26,Rajata,Buch,rajata.buch138@example-mail.test,+91-9576868455,SecondCall
51965a74-99e2-4d36-a568-e9f4b1be5384,Referral,ab6fe28a-9c5e-4997-94a3-02388060a49b,d29debd6-c789-49ce-be94-0110e09cde1a,2026-03-04 15:12:47,Jackson,Mahajan,jackson.mahajan177@example-mail.test,+91-9831034591,FutureProspect
aed25658-0d51-4009-9ae4-15a15a50fc37,Referral,ea151489-89c7-446f-b24b-0e88eaba608d,581b291c-2bf7-4932-abdd-6a269b477e4f,2026-07-24 13:46:00,Anika,Mohanty,anika.mohanty668@example-mail.test,+91-9993377809,AdmissionDone
8e4f1857-16b1-4916-b3c0-45342bd73b0f,Website,ea151489-89c7-446f-b24b-0e88eaba608d,,2026-03-20 07:50:46,Adweta,Brahmbhatt,adweta.brahmbhatt241@example-mail.test,+91-9610477658,AdmissionDone
b3d5cb6f-2183-47dc-9270-756246fb2e9b,Walk-in,4edf389c-896d-4fb8-847b-7c4bf1964034,5281f626-a47a-4a26-a982-c6cefcf4681b,2026-03-23 16:36:10,Wahab,Warrior,wahab.warrior405@example-mail.test,+91-9146319477,AdmissionDone
44fc177c-d4da-4c2d-bd47-e7ff77274f68,Referral,23992e53-f2f6-4871-8abb-0944551c7d7f,07e5c0c8-5b84-4d9c-9415-3f32d30d9fb8,2026-03-23 15:30:35,Hamsini,Chada,hamsini.chada257@example-mail.test,+91-9009126369,Lost
79b82b50-987f-49d3-8261-864a4af828ec,Instagram,ae187995-c630-40d0-8af7-c3b30a8e82e7,97b7dcce-ac39-433d-ae2f-5eb1c07df9d2,2026-01-04 20:13:56,Andrew,Bahri,andrew.bahri508@example-mail.test,+91-9153310642,AdmissionDone
c3195cff-654a-4b2a-8c50-8060489adb10,Website,feea70a8-6c8a-4a22-b79b-168def8782e4,767740b7-433c-4802-8601-83709bcc60bd,2025-11-13 10:26:05,Krishna,Mangat,krishna.mangat966@example-mail.test,+91-9261426611,AdmissionDone
7ffd0c8c-9f44-4429-8a41-5f3383db7e6d,Instagram,5bc6a940-ec05-4a1e-a5e4-0bb3430ea73d,59a6d057-f43f-4214-82a5-4f70745d2ad5,2025-09-15 20:25:20,Amruta,Vyas,amruta.vyas195@example-mail.test,+91-9442410914,AdmissionDone
7b0df98d-309e-4548-8b8e-bb2852a0d67c,Referral,ea151489-89c7-446f-b24b-0e88eaba608d,b7f0bb49-fd3d-4d27-8893-a2674ec1c6d7,2025-09-20 09:46:38,Urvashi,Raman,urvashi.raman275@example-mail.test,+91-9249738474,AdmissionDone
f9a5de19-ab70-478d-8878-5d2672a413d3,Instagram,2cc6c00b-b150-4b82-bfe6-22b1181a2c23,5281f626-a47a-4a26-a982-c6cefcf4681b,2026-08-16 14:43:49,Xiti,Kulkarni,xiti.kulkarni11@example-mail.test,+91-9274235828,AdmissionDone
2f9cc584-ef6e-4b69-aed9-ab47ac4aeb91,Referral,19e3e063-8238-4b9c-b8cc-f0cf000198cd,b7f0bb49-fd3d-4d27-8893-a2674ec1c6d7,2026-04-13 04:23:55,Victor,Pant,victor.pant744@example-mail.test,+91-9981386290,AdmissionDone
0d2a2aea-0329-46ef-bdc2-eb8929249191,Instagram,feea70a8-6c8a-4a22-b79b-168def8782e4,6996f4f9-345a-4a2c-a2a7-b23e381eaf87,2026-01-20 13:45:29,Geetika,Ratta,geetika.ratta399@example-mail.test,+91-9910616711,AdmissionDone
ad25a531-dad2-49f1-be94-8811f1bbe2f1,Instagram,0317bc3f-d01d-4501-8cd6-2b062233beb0,b7f0bb49-fd3d-4d27-8893-a2674ec1c6d7,2025-10-26 06:15:43,Aayush,Hayer,aayush.hayer203@example-mail.test,+91-9134312442,CNC
a555208d-f9b4-4858-892f-f02818ac32e5,Instagram,5cc97cd4-f582-474d-b1b6-cf1850c81e6a,cf7531b2-c2a6-45fc-ad0b-a7edbd390c97,2026-02-23 16:36:59,Ranveer,Chakraborty,ranveer.chakraborty238@example-mail.test,+91-9915034658,AdmissionDone
f6ef2d13-b00e-4173-bbc2-184369aef881,Walk-in,f6d73d15-6cc5-4cfb-a148-8a620ce0143c,07e5c0c8-5b84-4d9c-9415-3f32d30d9fb8,2025-10-25 19:29:09,Brijesh,Savant,brijesh.savant19@example-mail.test,+91-9478953520,Prospect
9d355497-c166-4d99-9abc-1c1f25f07697,Walk-in,78eb0983-9a25-4e77-8f25-f4b51791b347,d29debd6-c789-49ce-be94-0110e09cde1a,2026-01-18 08:36:10,Ekta,Kata,ekta.kata251@example-mail.test,+91-9389672958,FirstCall
908c1483-4eb0-4825-b97d-71c5cbe4c3c2,Website,827222d4-4a60-4081-941d-2adbbf2ca6a9,9325b646-8287-4df6-996a-41ec66b17582,2026-03-29 01:27:29,Patrick,Vasa,patrick.vasa23@example-mail.test,+91-9840099522,AdmissionDone
9f3d853f-b54e-49a4-85e1-2335b9cc82d4,Referral,389ae608-450b-410a-be42-33cf7418447d,df824abd-0606-4f9c-abad-e620feb70e17,2025-09-12 06:45:19,Rajata,Bath,rajata.bath352@example-mail.test,+91-9185845285,AdmissionDone
1391e22f-d72c-4c04-a03c-1c0643bb9811,Website,93ffcd04-1032-48d6-b554-b76d9b328170,9325b646-8287-4df6-996a-41ec66b17582,2026-04-30 01:37:43,Harish,Merchant,harish.merchant661@example-mail.test,+91-9056320217,AdmissionDone
d4060bc1-c3d0-4c01-a9aa-d961711af79f,Walk-in,5bc6a940-ec05-4a1e-a5e4-0bb3430ea73d,4e540f28-f12a-41d4-9709-8755c96f144c,2025-09-01 06:55:22,Mahika,Sanghvi,mahika.sanghvi83@example-mail.test,+91-9886596413,AdmissionDone
1487bd86-4961-4257-ae0d-bac4aa104b09,Instagram,d7815410-827b-456e-9643-5434b387173d,d8fd47d6-3f47-46d9-8830-d5a83586edcb,2026-05-27 16:44:40,Indira,Desai,indira.desai510@example-mail.test,+91-9141056593,AdmissionDone
6e1af58d-0112-4842-9ce9-7d6be00de009,Walk-in,23992e53-f2f6-4871-8abb-0944551c7d7f,d29debd6-c789-49ce-be94-0110e09cde1a,2026-02-12 13:37:50,Jeet,Mann,jeet.mann787@example-mail.test,+91-9462224088,AdmissionDone
3b38cdf3-caeb-467a-8269-e1484ceefe4b,Instagram,410d927e-7633-438e-b3a4-f12868156f71,c6810b98-73d2-40ed-a3ac-203a0779d182,2026-04-06 04:14:25,Adweta,Dhar,adweta.dhar335@example-mail.test,+91-9368824466,SecondCall
4ee50d06-6d40-4cd7-98ef-0322dc0f76da,Website,7557c983-a25d-4d8e-b9a3-7dcff16b34cd,767740b7-433c-4802-8601-83709bcc60bd,2026-06-04 13:01:19,George,Pai,george.pai280@example-mail.test,+91-9073717438,AdmissionDone
8c883a18-c7da-4b54-a920-77459fac8af0,Website,4edf389c-896d-4fb8-847b-7c4bf1964034,07e5c0c8-5b84-4d9c-9415-3f32d30d9fb8,2026-03-26 06:51:08,Baljiwan,Date,baljiwan.date225@example-mail.test,+91-9715825801,AdmissionDone
a28cfc35-5919-46ac-8103-93095ab48f2a,Website,78eb0983-9a25-4e77-8f25-f4b51791b347,5748c059-9d7b-46ca-b79a-031a7a874a84,2025-12-13 17:10:31,Alexander,Kalita,alexander.kalita278@example-mail.test,+91-9073877030,AdmissionDone
7108b7d7-b698-410a-aff7-4a4b2d82e772,Referral,92cdabb9-5ebb-42b5-9923-ac54bd259a72,,2026-08-07 07:43:29,Thomas,Dugal,thomas.dugal218@example-mail.test,+91-9622874900,AdmissionDone
1b532aa5-7c33-4537-a73a-e61403e82736,Website,57b01600-b6f0-4115-9dcd-4ef3352ac8e9,62efebb5-0225-4d19-be1a-28aab79723e6,2026-05-17 07:42:06,Charvi,Bhalla,charvi.bhalla617@example-mail.test,+91-9039657249,NotInterested
0a519945-a761-4baa-b98c-b6b84fffe108,Walk-in,93ffcd04-1032-48d6-b554-b76d9b328170,07e5c0c8-5b84-4d9c-9415-3f32d30d9fb8,2026-06-16 19:49:46,Ijaya,Doctor,ijaya.doctor125@example-mail.test,+91-9059583642,AdmissionDone
208304d0-0491-4c08-918f-5178ae569f68,Walk-in,6ae11536-440d-4f84-88aa-ad8256fe5286,b7f0bb49-fd3d-4d27-8893-a2674ec1c6d7,2026-06-14 11:55:56,Yauvani,Kumar,yauvani.kumar783@example-mail.test,+91-9716649470,AdmissionDone
f754f910-03b5-4576-a691-d70fbaaf8f8f,Walk-in,2dbb8645-3200-4254-b6f6-1cf23df80a18,,2026-08-17 08:10:04,Orinder,Balasubramanian,orinder.balasubramanian437@example-mail.test,+91-9432028344,AdmissionDone
20c8e73c-7ccb-43d3-afc7-f79877e25cf6,Referral,78eb0983-9a25-4e77-8f25-f4b51791b347,62efebb5-0225-4d19-be1a-28aab79723e6,2026-06-21 01:22:25,Ekanta,Ramaswamy,ekanta.ramaswamy620@example-mail.test,+91-9562452028,AdmissionDone
2f051c96-b082-40bf-a465-c964bafc4729,Website,23992e53-f2f6-4871-8abb-0944551c7d7f,83c752ca-7595-4d4e-8916-0d59a7d5b746,2026-05-28 09:27:10,Ubika,Shetty,ubika.shetty939@example-mail.test,+91-9475259290,AdmissionDone
32f939ed-3050-446d-8495-de3d55622ab3,Referral,9d764cb7-23d1-4c60-bcfa-e9278e77a9c6,9325b646-8287-4df6-996a-41ec66b17582,2025-12-21 06:42:02,Yahvi,Rastogi,yahvi.rastogi70@example-mail.test,+91-9892738165,AdmissionDone
744a464b-eb4f-4fa6-b61a-51e902183e29,Walk-in,2cc6c00b-b150-4b82-bfe6-22b1181a2c23,581b291c-2bf7-4932-abdd-6a269b477e4f,2026-04-18 12:47:40,Pallavi,Wali,pallavi.wali761@example-mail.test,+91-9553113362,NotInterested
157b94be-a736-4416-9826-f62ef17a7cc8,Website,78eb0983-9a25-4e77-8f25-f4b51791b347,5748c059-9d7b-46ca-b79a-031a7a874a84,2026-03-10 07:54:39,Yash,Reddy,yash.reddy714@example-mail.test,+91-9351200176,AdmissionDone
6ab1995c-bfbc-4e10-a1ec-d6c7a28e31a7,Website,5cc97cd4-f582-474d-b1b6-cf1850c81e6a,97b7dcce-ac39-433d-ae2f-5eb1c07df9d2,2025-09-08 16:53:55,Tanveer,Lala,tanveer.lala650@example-mail.test,+91-9758028696,FirstCall
f89606ba-4fd1-45fc-9646-f5f2ae7c07b2,Referral,d7815410-827b-456e-9643-5434b387173d,0847ac69-27bd-4023-a695-0c0dd31bc8ea,2025-10-21 08:53:41,Eiravati,Malhotra,eiravati.malhotra434@example-mail.test,+91-9292795277,AdmissionDone
58a52b25-4052-4876-be1e-c6029c9a64b1,Website,ea151489-89c7-446f-b24b-0e88eaba608d,5281f626-a47a-4a26-a982-c6cefcf4681b,2026-08-09 23:56:48,Ucchal,Goswami,ucchal.goswami21@example-mail.test,+91-9787994879,AdmissionDone
e48fb8de-8489-4205-b611-886ef0303996,Referral,2dbb8645-3200-4254-b6f6-1cf23df80a18,5e03e5f9-508e-4636-b4ee-401e771656b9,2025-10-18 03:11:23,Ucchal,Chaudhari,ucchal.chaudhari209@example-mail.test,+91-9707315706,AdmissionDone
19e4c327-32b8-446a-a7b1-73cff6cdfcb3,Website,d671d04c-3a49-4231-a6c4-ad5a3c78fede,4e540f28-f12a-41d4-9709-8755c96f144c,2026-05-18 08:02:11,Rajata,Murthy,rajata.murthy441@example-mail.test,+91-9032186801,AdmissionDone
fca9a373-8fca-4acf-9d27-75ac2a52feb2,Instagram,410d927e-7633-438e-b3a4-f12868156f71,,2026-07-20 11:28:34,Jonathan,Gulati,jonathan.gulati188@example-mail.test,+91-9234050030,AdmissionDone
bfb399ff-05de-4e71-977a-705af40cdd62,Instagram,71afa0ce-3ef7-4a52-b766-2d07ea82757b,9325b646-8287-4df6-996a-41ec66b17582,2025-10-23 08:45:48,Reyansh,Kanda,reyansh.kanda182@example-mail.test,+91-9933802747,AdmissionDone
06873ac6-885d-4d66-874f-523e5067dd63,Instagram,5bc6a940-ec05-4a1e-a5e4-0bb3430ea73d,4e540f28-f12a-41d4-9709-8755c96f144c,2026-06-02 01:15:38,Indira,Peri,indira.peri863@example-mail.test,+91-9553407129,AdmissionDone
8cc054e9-879b-4b82-bc46-3d387a4bc978,Walk-in,,9325b646-8287-4df6-996a-41ec66b17582,2025-11-11 17:49:11,Benjamin,Kala,benjamin.kala396@example-mail.test,+91-9645527547,AdmissionDone
f534593d-1aeb-4a1e-8df2-760d1729384f,Instagram,,07e5c0c8-5b84-4d9c-9415-3f32d30d9fb8,2025-10-08 09:28:04,Warda,Atwal,warda.atwal972@example-mail.test,+91-9704891510,AdmissionDone
fccd6777-d388-4712-bb08-59916d2ec74d,Referral,93ffcd04-1032-48d6-b554-b76d9b328170,9964521c-5c90-486b-9bcc-8401b50ed3bb,2025-12-28 00:27:02,Panini,Prakash,panini.prakash772@example-mail.test,+91-9025559545,AdmissionDone
bd9fe8f9-f6cc-4d5a-8fd1-4de527a2ca11,,ab6fe28a-9c5e-4997-94a3-02388060a49b,4e540f28-f12a-41d4-9709-8755c96f144c,2025-12-16 11:02:42,Alka,Ramakrishnan,alka.ramakrishnan36@example-mail.test,+91-9293481171,Lost
4ce6e7ec-b24a-42fd-832d-9117404a1d82,Website,f6d73d15-6cc5-4cfb-a148-8a620ce0143c,c025efd7-3be1-4812-b39e-475d6ecfae4d,2026-06-18 17:06:10,Finn,Jain,finn.jain257@example-mail.test,+91-9156533028,AdmissionDone
e5c858df-27ec-42f5-85f3-925e4699c827,Instagram,9d764cb7-23d1-4c60-bcfa-e9278e77a9c6,525fadd1-ceee-46d4-b6c9-8d759fe1bbcc,2026-03-03 21:00:00,Zayan,Ranganathan,zayan.ranganathan613@example-mail.test,+91-9205536472,AdmissionDone
cc995fee-886c-45c6-8e12-4b9cd07de945,Instagram,2fc230f6-ab47-4392-90f4-e730f0b2bc4f,9964521c-5c90-486b-9bcc-8401b50ed3bb,2026-03-08 02:27:14,Omkaar,Bajaj,omkaar.bajaj849@example-mail.test,+91-9020457202,AdmissionDone
9e9c0226-2c7e-4025-8157-61056469ca0a,Instagram,93ffcd04-1032-48d6-b554-b76d9b328170,62efebb5-0225-4d19-be1a-28aab79723e6,2026-02-21 22:30:51,Bhavna,Pandya,bhavna.pandya650@example-mail.test,+91-9943530346,AdmissionDone
a7f51996-acf3-4109-9133-dfe0c073c17d,Referral,57b01600-b6f0-4115-9dcd-4ef3352ac8e9,b7f0bb49-fd3d-4d27-8893-a2674ec1c6d7,2025-11-11 14:25:49,Isaiah,Chacko,isaiah.chacko195@example-mail.test,+91-9820935765,AdmissionDone
59b61ada-f98a-48b2-a57c-527de8f7e29c,Referral,19e3e063-8238-4b9c-b8cc-f0cf000198cd,525fadd1-ceee-46d4-b6c9-8d759fe1bbcc,2026-01-06 19:36:25,Logan,Kaul,logan.kaul629@example-mail.test,+91-9368746373,AdmissionDone
bfd868f1-986d-48ea-adef-41e7ca615f97,Website,f6d73d15-6cc5-4cfb-a148-8a620ce0143c,62efebb5-0225-4d19-be1a-28aab79723e6,2026-01-16 21:24:32,Baghyawati,Venkataraman,baghyawati.venkataraman233@example-mail.test,+91-9035731802,AdmissionDone
3e9364c9-2e8d-4494-990c-d387d726622f,Referral,5bc6a940-ec05-4a1e-a5e4-0bb3430ea73d,767740b7-433c-4802-8601-83709bcc60bd,2026-04-04 20:17:46,Azad,Hora,azad.hora587@example-mail.test,+91-9460112031,AdmissionDone
90540f24-ab91-4906-8c1a-6dc8988b5723,Walk-in,78eb0983-9a25-4e77-8f25-f4b51791b347,d8fd47d6-3f47-46d9-8830-d5a83586edcb,2025-09-01 03:07:39,Jatin,Borde,jatin.borde595@example-mail.test,+91-9110455276,AdmissionDone
f55b534f-a1e1-4f21-b768-8eb8e89c28a0,Walk-in,35be7a13-9644-4ee1-9a73-28d319659ae9,cf7531b2-c2a6-45fc-ad0b-a7edbd390c97,2026-07-06 03:19:00,Champak,Sangha,champak.sangha91@example-mail.test,+91-9273875152,AdmissionDone
11cfba97-c7c1-41e6-811d-9f8f29bda819,Website,57b01600-b6f0-4115-9dcd-4ef3352ac8e9,4e540f28-f12a-41d4-9709-8755c96f144c,2026-02-13 08:21:12,Deepa,Mohanty,deepa.mohanty5@example-mail.test,+91-9903308853,AdmissionDone
7285e12b-ecbb-4584-a660-00a540e1a0dc,Website,d7815410-827b-456e-9643-5434b387173d,83c752ca-7595-4d4e-8916-0d59a7d5b746,2025-11-15 18:29:16,Unni,Choudhry,unni.choudhry796@example-mail.test,+91-9486310271,AdmissionDone
3006ef85-1f4b-4ec8-8e6b-deeb196400c5,Website,92cdabb9-5ebb-42b5-9923-ac54bd259a72,df824abd-0606-4f9c-abad-e620feb70e17,2025-12-03 20:47:31,Qadim,Jaggi,qadim.jaggi151@example-mail.test,+91-9226194133,CNC
6289d718-0a0a-4df9-85f1-c6a3fee3e4f7,,93ffcd04-1032-48d6-b554-b76d9b328170,fa5b641f-d203-4a2b-bd47-f20084a5d921,2026-06-12 01:06:02,Zansi,Wason,zansi.wason318@example-mail.test,+91-9097979494,AdmissionDone
9250a786-0805-4d9e-a4bf-d1571fc1d6b0,Referral,71afa0ce-3ef7-4a52-b766-2d07ea82757b,845d4008-28a2-4100-a0e1-bbc32d68f893,2025-11-07 06:38:51,Zilmil,Sastry,zilmil.sastry92@example-mail.test,+91-9287857389,AdmissionDone
6d3326bb-593a-4401-a083-bb178bc39286,Website,feea70a8-6c8a-4a22-b79b-168def8782e4,5e03e5f9-508e-4636-b4ee-401e771656b9,2026-04-28 09:25:53,Ikbal,Deshmukh,ikbal.deshmukh989@example-mail.test,+91-9112938289,AdmissionDone
ecfab647-a2aa-4801-824d-6cee293c3fb0,Walk-in,2fc230f6-ab47-4392-90f4-e730f0b2bc4f,b7f0bb49-fd3d-4d27-8893-a2674ec1c6d7,2026-07-23 06:12:43,Oni,Manne,oni.manne343@example-mail.test,+91-9046259019,AdmissionDone
d2fdd685-8cf8-4e71-af3c-51373e030cef,Walk-in,5cc97cd4-f582-474d-b1b6-cf1850c81e6a,,2026-03-15 17:01:07,Rudra,Upadhyay,rudra.upadhyay665@example-mail.test,+91-9452275972,AdmissionDone
6ecbc4f4-7648-4088-942e-1623e11a880d,Instagram,23992e53-f2f6-4871-8abb-0944551c7d7f,5748c059-9d7b-46ca-b79a-031a7a874a84,2026-03-06 05:27:34,Hemal,Pradhan,hemal.pradhan224@example-mail.test,+91-9334439891,New
55551431-cf9a-4d81-9aae-b506609d37e9,Instagram,827222d4-4a60-4081-941d-2adbbf2ca6a9,59a6d057-f43f-4214-82a5-4f70745d2ad5,2026-01-14 04:35:40,Vasudha,Dass,vasudha.dass713@example-mail.test,+91-9744723940,AdmissionDone
9a81d9b0-f420-402d-aa5d-dc8baf9db9de,Referral,23992e53-f2f6-4871-8abb-0944551c7d7f,5281f626-a47a-4a26-a982-c6cefcf4681b,2026-08-21 10:40:41,Tripti,Mand,tripti.mand872@example-mail.test,+91-9050629848,AdmissionDone
113ff84b-d228-4dc1-aaa8-a88553416807,Walk-in,2dbb8645-3200-4254-b6f6-1cf23df80a18,767740b7-433c-4802-8601-83709bcc60bd,2025-11-21 01:13:04,Gautam,Dewan,gautam.dewan736@example-mail.test,+91-9689928532,AdmissionDone
12188cbd-acaf-4b67-af3c-f3dd32b95393,Instagram,389ae608-450b-410a-be42-33cf7418447d,5748c059-9d7b-46ca-b79a-031a7a874a84,2026-03-04 22:33:04,Arjun,Vala,arjun.vala571@example-mail.test,+91-9171964869,AdmissionDone
508f8987-2fb5-4151-b432-97cc4c9c074b,Instagram,ab6fe28a-9c5e-4997-94a3-02388060a49b,62efebb5-0225-4d19-be1a-28aab79723e6,2025-11-08 14:26:27,Zinal,Sur,zinal.sur22@example-mail.test,+91-9091799953,NotInterested
cd5de467-a9aa-4abe-8033-0c69e35832eb,Instagram,f6d73d15-6cc5-4cfb-a148-8a620ce0143c,97b7dcce-ac39-433d-ae2f-5eb1c07df9d2,2025-09-07 09:00:08,Hemani,Naik,hemani.naik157@example-mail.test,+91-9101234933,Invalid
3241c742-1bc5-4e0f-a8b9-19b3cc0f48e5,Website,5bc6a940-ec05-4a1e-a5e4-0bb3430ea73d,59a6d057-f43f-4214-82a5-4f70745d2ad5,2025-10-20 19:57:30,Vansha,Basu,vansha.basu547@example-mail.test,+91-9436740239,FirstCall
41a57973-511d-4ac2-aa48-aedb522dc76c,Instagram,ea151489-89c7-446f-b24b-0e88eaba608d,845d4008-28a2-4100-a0e1-bbc32d68f893,2026-01-03 02:33:10,Gabriel,Chacko,gabriel.chacko855@example-mail.test,+91-9628692396,AdmissionDone
55accee0-1fdb-4fad-8f17-68a64016a31e,Instagram,389ae608-450b-410a-be42-33cf7418447d,845d4008-28a2-4100-a0e1-bbc32d68f893,2026-01-19 22:41:32,Chanchal,Cherian,chanchal.cherian710@example-mail.test,+91-9115723811,AdmissionDone
2cec86e6-0a21-442f-b0b4-84109ca27df7,Instagram,0317bc3f-d01d-4501-8cd6-2b062233beb0,4e540f28-f12a-41d4-9709-8755c96f144c,2026-06-28 05:45:59,Mohini,Koshy,mohini.koshy34@example-mail.test,+91-9847385969,AdmissionDone
9e16180f-0e12-49c9-81de-11269adb8386,Walk-in,2cc6c00b-b150-4b82-bfe6-22b1181a2c23,5e03e5f9-508e-4636-b4ee-401e771656b9,2026-05-18 09:48:06,Eshana,Garde,eshana.garde204@example-mail.test,+91-9723267745,AdmissionDone
e6142ba9-15cd-4f32-8b8b-d7f19d72fea0,Referral,389ae608-450b-410a-be42-33cf7418447d,59a6d057-f43f-4214-82a5-4f70745d2ad5,2026-05-05 21:15:55,Ladli,Panchal,ladli.panchal644@example-mail.test,+91-9198037880,AdmissionDone
ef091327-d39e-480c-a935-e2d69414c9a4,Walk-in,ec405de4-7cf5-4aa6-87c0-7b5a8a503944,9705fb0a-cc3f-4f50-bbd5-1321017f8f90,2025-10-06 21:54:43,Riya,Sane,riya.sane889@example-mail.test,+91-9803179670,AdmissionDone
06d6666a-3aa2-4765-9fd7-bc750352aa9a,Instagram,23992e53-f2f6-4871-8abb-0944551c7d7f,9705fb0a-cc3f-4f50-bbd5-1321017f8f90,2026-03-31 07:28:25,Raghav,Kar,raghav.kar607@example-mail.test,+91-9138622356,AdmissionDone
df880dac-0e31-47f1-bc52-94a23d3bd167,Walk-in,71afa0ce-3ef7-4a52-b766-2d07ea82757b,83c752ca-7595-4d4e-8916-0d59a7d5b746,2026-05-08 03:29:19,Ishanvi,Bhatt,ishanvi.bhatt266@example-mail.test,+91-9997036862,AdmissionDone
04ced344-7133-4164-9224-bd2f22f2d3c3,Instagram,2cc6c00b-b150-4b82-bfe6-22b1181a2c23,df824abd-0606-4f9c-abad-e620feb70e17,2025-10-11 19:29:53,Advaith,Murty,advaith.murty138@example-mail.test,+91-9853451374,AdmissionDone
c89c82f2-2827-49ee-af08-6b6bfcde7b41,Website,93ffcd04-1032-48d6-b554-b76d9b328170,5281f626-a47a-4a26-a982-c6cefcf4681b,2025-09-25 12:16:20,Tripti,Pingle,tripti.pingle942@example-mail.test,+91-9962019808,AdmissionDone
39ae35da-bcb1-4d54-8ed2-c7066d005f20,Instagram,7557c983-a25d-4d8e-b9a3-7dcff16b34cd,9705fb0a-cc3f-4f50-bbd5-1321017f8f90,2025-09-02 17:48:55,Eesha,Tella,eesha.tella608@example-mail.test,+91-9470072246,AdmissionDone
ee7cafbd-cbb7-4c92-a0cd-0a231ebe9216,Instagram,c7337780-fc91-4ce0-9a56-69d6ff5e1f18,4e540f28-f12a-41d4-9709-8755c96f144c,2025-12-02 00:00:12,Falguni,Bansal,falguni.bansal956@example-mail.test,+91-9349799960,AdmissionDone
39ef8de0-9450-4dde-abeb-cc984b3577c8,Referral,,0847ac69-27bd-4023-a695-0c0dd31bc8ea,2025-12-17 05:45:49,Saksham,Chahal,saksham.chahal139@example-mail.test,+91-9782327517,AdmissionDone
50015b02-6f20-4f09-b23e-b4f9465cb342,Instagram,71afa0ce-3ef7-4a52-b766-2d07ea82757b,525fadd1-ceee-46d4-b6c9-8d759fe1bbcc,2026-08-11 09:28:36,Xiti,Choudhary,xiti.choudhary994@example-mail.test,+91-9799208263,AdmissionDone
973d9546-54c1-42ea-8fbb-67db94b3a89e,Website,ea151489-89c7-446f-b24b-0e88eaba608d,767740b7-433c-4802-8601-83709bcc60bd,2026-05-31 10:45:32,Upkaar,Kumar,upkaar.kumar562@example-mail.test,+91-9220445736,AdmissionDone
ce750a1d-a66e-466c-a752-d6df51867cdf,Referral,23992e53-f2f6-4871-8abb-0944551c7d7f,581b291c-2bf7-4932-abdd-6a269b477e4f,2026-03-17 05:30:09,Saanvi,Mukherjee,saanvi.mukherjee253@example-mail.test,+91-9187053250,New
2bf73c62-d8d0-47fa-9991-f0b84751f4b0,,19e3e063-8238-4b9c-b8cc-f0cf000198cd,845d4008-28a2-4100-a0e1-bbc32d68f893,2026-02-07 17:37:23,Aadi,Deo,aadi.deo132@example-mail.test,+91-9680586653,AdmissionDone
f74721a0-2644-4bfa-aba0-a402bfbeb9f8,Walk-in,92cdabb9-5ebb-42b5-9923-ac54bd259a72,0847ac69-27bd-4023-a695-0c0dd31bc8ea,2025-12-12 23:04:06,Ekalinga,Pai,ekalinga.pai95@example-mail.test,+91-9929210856,AdmissionDone
13b1dfb5-318d-44a8-b312-a4cca9a0a5d3,Walk-in,7557c983-a25d-4d8e-b9a3-7dcff16b34cd,cf7531b2-c2a6-45fc-ad0b-a7edbd390c97,2026-07-23 07:17:03,Balhaar,Narain,balhaar.narain234@example-mail.test,+91-9442130418,AdmissionDone
0e27a819-7d5e-43c6-8050-04926b835c79,Walk-in,d671d04c-3a49-4231-a6c4-ad5a3c78fede,07e5c0c8-5b84-4d9c-9415-3f32d30d9fb8,2026-03-05 16:25:44,Frado,Sarkar,frado.sarkar901@example-mail.test,+91-9814817322,AdmissionDone
3069edb8-affd-458e-8216-b26b5641d81e,Website,4edf389c-896d-4fb8-847b-7c4bf1964034,9325b646-8287-4df6-996a-41ec66b17582,2025-12-27 02:22:53,Jalsa,Chaudry,jalsa.chaudry130@example-mail.test,+91-9584613972,AdmissionDone
a64e4036-b365-493e-b9e4-b423c2072fca,Website,2dbb8645-3200-4254-b6f6-1cf23df80a18,767740b7-433c-4802-8601-83709bcc60bd,2026-02-24 05:06:50,Hemangini,Luthra,hemangini.luthra946@example-mail.test,+91-9719029013,AdmissionDone
a5555ae9-0f86-4fef-abf9-e9c20d04ea83,Referral,,845d4008-28a2-4100-a0e1-bbc32d68f893,2026-01-16 21:18:33,Hemangini,Vaidya,hemangini.vaidya989@example-mail.test,+91-9783967237,AdmissionDone
db0747af-23d9-4140-ab69-005732a03e42,Website,ae187995-c630-40d0-8af7-c3b30a8e82e7,d8fd47d6-3f47-46d9-8830-d5a83586edcb,2026-01-16 23:26:02,Gayathri,More,gayathri.more67@example-mail.test,+91-9710905643,AdmissionDone
23b79df0-a39f-4623-a8d7-fc4de4f24ae7,Website,71afa0ce-3ef7-4a52-b766-2d07ea82757b,df824abd-0606-4f9c-abad-e620feb70e17,2025-09-06 20:01:40,Charita,Modi,charita.modi462@example-mail.test,+91-9129015959,Interested
b5685120-811a-4a75-8797-5229d54ce3df,Walk-in,d671d04c-3a49-4231-a6c4-ad5a3c78fede,62efebb5-0225-4d19-be1a-28aab79723e6,2025-11-18 15:44:25,Robert,Golla,robert.golla509@example-mail.test,+91-9362309005,AdmissionDone
e5e4cd57-8bb0-451b-9d88-2abd2e4a9a80,Referral,0317bc3f-d01d-4501-8cd6-2b062233beb0,cf7531b2-c2a6-45fc-ad0b-a7edbd390c97,2026-05-05 19:14:05,Ayushman,Sankar,ayushman.sankar746@example-mail.test,+91-9745383639,AdmissionDone
a5bd82d4-233e-44e1-ac03-283034e6a996,Referral,f6d73d15-6cc5-4cfb-a148-8a620ce0143c,257b6c00-e6fd-4ca5-9850-2bc1de5ec2f0,2025-09-18 08:19:56,Anusha,Kaur,anusha.kaur656@example-mail.test,+91-9150011990,AdmissionDone
fe070818-aa5a-4780-91fe-6c5ae1b8d8d6,Referral,389ae608-450b-410a-be42-33cf7418447d,d29debd6-c789-49ce-be94-0110e09cde1a,2026-02-15 13:07:49,Mitali,Gopal,mitali.gopal994@example-mail.test,+91-9389193579,AdmissionDone
dc1df9fa-3cc0-447f-97df-a7bb0823ac86,Walk-in,2cc6c00b-b150-4b82-bfe6-22b1181a2c23,767740b7-433c-4802-8601-83709bcc60bd,2026-08-01 09:44:25,Nikita,Dass,nikita.dass296@example-mail.test,+91-9463746745,AdmissionDone
eae5129b-8824-4b75-b6e0-86f7b5985b64,Website,f6d73d15-6cc5-4cfb-a148-8a620ce0143c,cf7531b2-c2a6-45fc-ad0b-a7edbd390c97,2026-07-22 00:30:01,Vritti,Venkatesh,vritti.venkatesh309@example-mail.test,+91-9378253986,AdmissionDone
84a6c734-4110-4812-858b-0baec6ac74b5,Website,,c6810b98-73d2-40ed-a3ac-203a0779d182,2025-09-22 22:57:48,Aishani,Sarraf,aishani.sarraf704@example-mail.test,+91-9844453424,AdmissionDone
57cd806b-89de-4786-beb0-dbe796972116,Instagram,9d764cb7-23d1-4c60-bcfa-e9278e77a9c6,9964521c-5c90-486b-9bcc-8401b50ed3bb,2026-04-10 04:51:23,Gopal,Mishra,gopal.mishra961@example-mail.test,+91-9046937162,AdmissionDone
ce1fdfb6-8011-417c-ba67-7bab90096a72,Referral,ec405de4-7cf5-4aa6-87c0-7b5a8a503944,9325b646-8287-4df6-996a-41ec66b17582,2026-06-23 01:09:29,Mahika,Char,mahika.char292@example-mail.test,+91-9797300879,AdmissionDone
b20f9f87-8668-4120-99f1-4b8fde25cbc3,Referral,7557c983-a25d-4d8e-b9a3-7dcff16b34cd,fa5b641f-d203-4a2b-bd47-f20084a5d921,2026-04-11 20:57:32,Teerth,Banerjee,teerth.banerjee708@example-mail.test,+91-9105783943,RNR
1a812608-4379-4674-a761-b42e6064fffb,Instagram,2dbb8645-3200-4254-b6f6-1cf23df80a18,,2025-09-13 09:23:47,Aashi,Narula,aashi.narula590@example-mail.test,+91-9961117238,AdmissionDone
