EnrollmentId,AdmissionApplicationId,ProgramId,StudentProfileId,EnrolledAtUtc
3c9d7582-0481-49b6-a30b-aa76e39ef405,8a39979e-3f20-4ec2-8f84-831c2897fb7b,9325b646-8287-4df6-996a-41ec66b17582,1441044f-3ee8-45b0-9ce2-ab94f09fc75a,2025-12-16 07:20:38
999babdc-a88f-4e0e-bc3a-3dadf0025a76,efac4e1d-b270-40ac-8c31-6031c16de1a4,767740b7-433c-4802-8601-83709bcc60bd,3aa85f4b-1b2c-4688-9425-be5e225c3846,2026-02-18 05:24:24
9b595b28-dc9f-4bc0-91c8-c3abc339ee6f,46afdc30-a714-4ad4-b18a-b58687fd76fd,845d4008-28a2-4100-a0e1-bbc32d68f893,806294c0-0043-44a7-9536-be8387b7117f,2026-02-03 19:37:09
2331a456-616b-497c-8b1a-bcb688e751aa,845f4b06-bc5a-439f-9046-f8dd374822f4,fa5b641f-d203-4a2b-bd47-f20084a5d921,459c8367-ab07-449b-b493-93213810f574,2026-04-18 02:15:41
54500399-3276-46f9-b39f-72cfaabe602c,7631c6ef-8425-47dc-88d4-69cadf675d9f,9325b646-8287-4df6-996a-41ec66b17582,832486b4-08d5-4761-9a41-9f7d061c5b56,2025-10-19 14:19:04
6c55dce1-971c-4b7c-ba7f-73b35628c30d,68f90fe3-7a02-4070-ab3d-1ee6fc1de772,5748c059-9d7b-46ca-b79a-031a7a874a84,d6d92e30-03b3-4e29-9991-fd2e908119b6,2025-12-05 22:15:47
000b2135-6509-4963-9307-e4466a5b80d7,6aca5e62-b477-45ad-8695-361b04f9c4ed,d29debd6-c789-49ce-be94-0110e09cde1a,751d87e3-d722-4a1e-9745-3c3d8ae5f53c,2026-07-09 06:30:41
7db59726-e93f-4f72-b3cc-fb79404159d6,0b614530-b21c-43cb-bd44-b01f06892c1e,4e540f28-f12a-41d4-9709-8755c96f144c,b0e19ecc-1a4e-471b-9d17-aedcf4597d39,2025-11-18 17:45:50
90ac7708-5ebf-4c22-bb25-a7bd2d40d7d6,c788f1dc-268b-4493-9ffe-82e09dbc819d,5281f626-a47a-4a26-a982-c6cefcf4681b,bb6bef7a-2bfb-4eda-accf-aeffc27f445a,2026-02-09 08:22:27
faf8c3fb-9ff0-44b1-8d02-5a2c2d3c031d,f059b74d-4ba4-4187-834d-155734e58d86,97b7dcce-ac39-433d-ae2f-5eb1c07df9d2,d6fa762a-8c53-4cc2-a4d2-d784255617dd,2026-07-20 16:35:39
a1bf249a-7a14-40e9-900d-e852b3efc008,558e4977-0fb8-4834-bf82-7f02d60d5656,9964521c-5c90-486b-9bcc-8401b50ed3bb,1d54c7b0-e168-43c3-a79d-903913e32d07,2026-07-16 22:41:40
1d11155a-2838-4743-860a-7fbceaa52d4a,74f8beda-9a60-4833-9b31-2ae1932d8202,6996f4f9-345a-4a2c-a2a7-b23e381eaf87,fdeaa366-ff24-4bb4-ab4f-e404bb4a2e3d,2026-07-29 09:28:10
3cb0a0a4-2d4d-4d06-91aa-4f57183bc338,3165ebc6-220d-4b75-b4f2-e430ddfc2fa2,5e03e5f9-508e-4636-b4ee-401e771656b9,a840e3de-7c2c-4e23-915c-c0333c282354,2026-01-31 21:41:34
3e7a231a-e9d8-4e9f-9478-68df97391203,a1d686fc-064f-49c9-adc3-42fd1dca32f1,b7f0bb49-fd3d-4d27-8893-a2674ec1c6d7,f6c6af8f-7929-46aa-881a-d3de73412fc0,2026-02-15 23:53:43
d36f7210-0618-44f7-b836-1a3a5cd9cb84,e10ebedd-a065-44f8-b9be-aacfd68e378f,b7f0bb49-fd3d-4d27-8893-a2674ec1c6d7,34688519-167a-4077-bde9-77abf9a256b1,2025-09-13 09:13:35
4aacef24-cff7-47ff-9fcf-407bf0e2b6fa,f21b380a-035d-4746-8af0-3f82f4a60cbb,0847ac69-27bd-4023-a695-0c0dd31bc8ea,33281f0d-1fdb-4fd5-adfc-556ee6cee639,2025-10-28 00:04:51
bb70a9e2-d0bc-4a10-ae3a-8a540945f290,f84822a9-35ce-4382-aa71-238375caa367,5e03e5f9-508e-4636-b4ee-401e771656b9,4d1d2796-7702-4923-a6fe-4970a498d9ab,2026-01-14 22:05:11
51f409a4-dc72-4f53-b24a-b9e681b4d543,bf05d6fe-7bae-4962-b8c2-15e99af0e706,5748c059-9d7b-46ca-b79a-031a7a874a84,4c1bfbdf-6140-4b32-b0cf-30ecf356efb2,2026-08-02 01:59:49
cc1f177a-5ced-4d68-8651-cfc8dfa85803,f503e4eb-bf56-49ef-b318-fb47d53a7d1c,5281f626-a47a-4a26-a982-c6cefcf4681b,6efa8088-db47-468b-a05f-9b96a980ee14,2025-11-12 13:03:57
6f285d9c-7db2-4a30-b479-c81466fb397f,ab357960-f2d9-4e27-b019-76c7e1d01421,0847ac69-27bd-4023-a695-0c0dd31bc8ea,41df564d-aded-425c-ac7f-cfa9d2441a81,2026-04-07 13:08:50
5ddcd55c-c3ef-4401-898b-fbd2c0378b40,a80a2aa0-f75d-4e36-9cf8-17d8ea900cae,6996f4f9-345a-4a2c-a2a7-b23e381eaf87,d6d344e6-6189-4860-8d3c-d8aa73b576db,2026-05-28 13:59:22
adf4019a-1ae3-4dd1-8d99-c0b393b0a0bd,d664a726-e22a-4c51-93fa-7f8fc343a3aa,cf7531b2-c2a6-45fc-ad0b-a7edbd390c97,d8cb5eb0-38b7-4a9d-9a88-72e5b48a4dea,2025-09-16 16:15:19
b123dccc-e3c1-4abe-b368-aa4b96b26619,aa2ba908-cf04-47aa-92c1-00c74ed346ab,c6810b98-73d2-40ed-a3ac-203a0779d182,8af68570-1048-40e3-8be3-ced96d44ddaf,2026-08-31 17:55:27
9419892c-8152-4aa7-9cd6-a53b5d34c313,b7b0301e-d6e0-46a6-a62b-caf720ef63bc,9705fb0a-cc3f-4f50-bbd5-1321017f8f90,245f76cc-1684-42c9-a09a-4c0aea8f482b,2025-09-10 06:00:33
ef8707be-1921-4104-908c-a010d95558a4,ac22a86b-55d1-492d-a6a6-8b31ee6b5b8b,6996f4f9-345a-4a2c-a2a7-b23e381eaf87,b2fe7389-dd30-4ccd-b06d-11b7b6f7b49c,2026-03-06 07:18:26
f552b066-d556-4f01-85be-039fdef7f4d1,ffab3ff2-9f30-46d8-8a9e-367a4a301d37,c5ab6c6e-0b66-4554-b4c3-d51b6b1af1d3,a31f930f-2671-4532-a378-e79de485e112,2026-03-08 19:22:50
82ba57c7-0e7d-4a71-a207-4f2f1dce3839,dd377716-ddff-4277-8691-e33122c2815d,581b291c-2bf7-4932-abdd-6a269b477e4f,770983fe-d761-4875-89bc-b5af68f9bb67,2026-08-10 13:46:00
edde0a7f-c92f-4b89-a9d0-f2a87fb09998,dc361487-f927-4687-83f0-6ae9e6c3fa75,257b6c00-e6fd-4ca5-9850-2bc1de5ec2f0,ab909a85-4464-41d1-8779-68f24210681f,2026-04-01 07:50:46
07103818-42da-419b-8e1e-8199c8f2a919,c1de0604-c62f-4fa6-ae19-d3e4b19691fe,5281f626-a47a-4a26-a982-c6cefcf4681b,55550da4-de8c-474c-aaab-65541a50d9b0,2026-04-10 16:36:10
56e34254-80f2-4611-8e0b-f00ec83f361e,ccbf5ec1-007c-4675-870e-8c9e9c59f69e,97b7dcce-ac39-433d-ae2f-5eb1c07df9d2,ed60074a-4026-4656-9885-ceb25cc8e866,2026-01-20 20:13:56
8f21f247-3802-4376-9351-dbf2577dfce3,84365cf2-2613-4543-9882-ea365f926a5c,767740b7-433c-4802-8601-83709bcc60bd,c99858ed-fa8d-4359-a408-04e87e8c3c3f,2025-11-22 10:26:05
8c2a67be-fefe-4f76-994d-e585c2483ca8,776591ea-2168-4270-90b9-243f8854c187,59a6d057-f43f-4214-82a5-4f70745d2ad5,e70b6acb-5dfe-448e-bef2-f6e6072b986a,2025-10-01 20:25:20
f2b16501-d8d3-43c4-abae-893a72415c4a,285059a2-fd88-4b9e-a56d-7882edb46fd5,b7f0bb49-fd3d-4d27-8893-a2674ec1c6d7,238b38d3-e3b0-4a4d-8c27-b46d8212b6f0,2025-10-05 09:46:38
17349923-6217-4660-a200-5660dd147bf9,34a88ccb-8076-456e-b347-7216c6382dcd,5281f626-a47a-4a26-a982-c6cefcf4681b,c9f328e0-f15e-4eb9-86b7-b03940c1c553,2026-08-29 14:43:49
c7e82670-9fec-40cb-ac7c-5f19e83c2af6,25bde5a0-b72f-4ed1-87c9-fadd3dfe8977,b7f0bb49-fd3d-4d27-8893-a2674ec1c6d7,86ab56ee-ce63-4f9b-93b3-d13cca925771,2026-04-21 04:23:55
f8fe51e1-a3d4-497e-a37f-cfbeece21f7c,a13d743f-5fe4-4b19-820f-574f7539f309,6996f4f9-345a-4a2c-a2a7-b23e381eaf87,0b844a5f-e183-4f03-a8cb-58fe25af4646,2026-01-29 13:45:29
7e755f7f-376c-4662-9e09-bff0d654129d,31e36a58-475c-471c-b108-3fc73d6bd16b,cf7531b2-c2a6-45fc-ad0b-a7edbd390c97,cd0200ba-4f6d-48ae-888c-32c62a34eb28,2026-03-12 16:36:59
fdf8699f-4b6c-422e-9ac5-5243c8fdf4fe,7276c015-3f93-4594-86b2-4f5805f32498,9325b646-8287-4df6-996a-41ec66b17582,a553a292-ed08-47b2-bb03-a76e7629ad7f,2026-04-09 01:27:29
5ef98c89-50c2-4784-96c1-1928a4924e7e,c5809770-4fb3-4471-9006-bc784f0d1e4f,df824abd-0606-4f9c-abad-e620feb70e17,5d978ade-fe04-48fd-bc6c-639e280939ec,2025-09-18 06:45:19
3ae02d19-c346-41dd-81ce-e58d9c13177e,55e6af69-6d8b-435e-8bff-4cf075de4bc3,9325b646-8287-4df6-996a-41ec66b17582,e8e8bfb7-9e17-4921-879d-df9cc45ca5b9,2026-05-15 01:37:43
5c36c96f-33a7-4f1d-b8b1-d09472663af3,bd97d692-cd13-44aa-af17-98d543c3a65c,4e540f28-f12a-41d4-9709-8755c96f144c,aaa9b50e-deb3-4f66-8db5-79c6d582939b,2025-09-19 06:55:22
666bc74d-dc83-462c-93fa-d1d0773848fa,2b09d358-1c9b-4f5d-af0e-5cfac44cb303,d8fd47d6-3f47-46d9-8830-d5a83586edcb,621e553b-5b7f-4f4e-9494-3fea42832deb,2026-06-12 16:44:40
6caf639e-149b-4f30-a172-00e13894386c,46cf3904-c5ae-46b6-abca-3640268f57b4,d29debd6-c789-49ce-be94-0110e09cde1a,4e7555bb-15a0-41ca-864e-3000cca5ba0b,2026-02-22 13:37:50
dd235b5b-01bc-4830-bf43-a20648cefdac,bf02988f-c323-4b47-b1a7-4e4d91b87d2a,767740b7-433c-4802-8601-83709bcc60bd,398f6871-43b9-4a86-b42e-b2672cd66d1a,2026-06-15 13:01:19
ba4f224b-78ac-4903-9897-a202db43a686,6297e90b-6431-45a7-bdea-ae0cc7377788,07e5c0c8-5b84-4d9c-9415-3f32d30d9fb8,9680c6ee-ab0e-4af9-a2aa-d0af8340eace,2026-04-05 06:51:08
addbce44-850d-46ab-bf19-a9b77c7c965a,100a19b8-98a9-45bd-82b7-58071cdf8995,5748c059-9d7b-46ca-b79a-031a7a874a84,b5522218-55d7-4910-b4ce-f539fb590f87,2025-12-23 17:10:31
3929248b-c090-4cd8-8761-2fba9495baef,4b913b2c-72af-460f-9d61-ff4f4ac9f2f3,765d30fd-a305-49fa-b4f2-4980b74f061d,25c3a672-c43c-4b36-9263-2a6f3c5ecc41,2026-08-15 07:43:29
6d195bdc-98c9-4859-8232-f10432f7e049,b9c84cc8-3e29-4ec8-b561-d092eb25b6fe,07e5c0c8-5b84-4d9c-9415-3f32d30d9fb8,bb2de893-0179-4d6e-93d8-2f03f9b99036,2026-06-29 19:49:46
a7ce46f5-d109-44d3-8ec2-a0630ee6c068,c9417260-ecca-4886-90cf-89c4fdbacb26,b7f0bb49-fd3d-4d27-8893-a2674ec1c6d7,65865f6e-afc9-4283-9732-c92f056d5682,2026-06-28 11:55:56
77360190-9c2d-4321-9664-40a608f96549,0f9e208d-fbeb-47d5-bd3b-432b4596189d,767740b7-433c-4802-8601-83709bcc60bd,c9fbb34e-698a-4494-af61-271a3fdf3b18,2026-08-30 08:10:04
e241ed7b-940c-420a-abb3-29bd96d5a585,7cf5ff71-cac0-41c1-a894-78ab3135ae4e,62efebb5-0225-4d19-be1a-28aab79723e6,27ffc2ee-ac6d-428a-abf7-58ec58f62115,2026-07-10 01:22:25
c297135f-4119-4385-95d9-31ee3d5a002b,9bf7b58c-0fa0-4c85-809a-70a72d8c6b19,83c752ca-7595-4d4e-8916-0d59a7d5b746,53674e01-de66-4ea0-a954-4c608a65e15a,2026-06-11 09:27:10
fc720fc1-d948-418a-9975-76124591fe81,cae667c6-605c-402d-bde0-f45de4626026,9325b646-8287-4df6-996a-41ec66b17582,5ab38ae0-b60a-48dd-8f42-34c95984f6f2,2026-01-02 06:42:02
5b616d35-4f53-4758-8b5b-73598adbf282,db216b28-239a-4195-9220-13009227afff,5748c059-9d7b-46ca-b79a-031a7a874a84,123a66fe-2965-49f3-8b88-5d1136a5e438,2026-03-29 07:54:39
da39fc02-3915-4c99-8255-c35a6a27703e,1288881b-6298-4521-9064-b7edcd4a39fd,0847ac69-27bd-4023-a695-0c0dd31bc8ea,4613efcc-545d-43ac-8468-cb48b1cd08b2,2025-10-31 08:53:41
e63ff36f-22ff-4f79-9c4e-d2bbce797d9d,c0966da9-7e92-4bdd-978b-b330de7b22b0,5281f626-a47a-4a26-a982-c6cefcf4681b,1c726ce9-ea18-48cd-96b6-e733781a8a4b,2026-08-21 23:56:48
b77cbe91-fda1-4255-896d-eb81cda40a46,0dfeb303-a992-41bf-8052-a1af0903ff2d,5e03e5f9-508e-4636-b4ee-401e771656b9,9a7eb22a-2516-4f0a-86b3-a45f5530a896,2025-10-30 03:11:23
1bcc535f-ab33-44fe-b6dc-f02cfd0ae452,664a2f3b-462f-4fd7-8c22-046e9e54c0ec,4e540f28-f12a-41d4-9709-8755c96f144c,182ca33c-a75e-40ef-bc5e-2eeabaa4aee5,2026-06-05 08:02:11
72fae2d9-3fa8-49dc-afb8-63f6f4655c91,7731ef57-68c7-433c-9a28-88a30f0b6daa,c025efd7-3be1-4812-b39e-475d6ecfae4d,ca18af09-84b5-4a05-a666-c5d9d16ff349,2026-08-03 11:28:34
7d287b8b-d1b0-4b34-8736-c1c2a2a59c03,3b15b667-885d-4aa0-abc4-e5537a3f44e2,9325b646-8287-4df6-996a-41ec66b17582,30b88998-7674-4e89-a95a-10d0385a8d2e,2025-11-08 08:45:48
7792d837-efc5-487c-83b3-f7e33d8c6766,46226ec8-86e5-4fae-a7b0-d5d9f3ff5721,4e540f28-f12a-41d4-9709-8755c96f144c,29cab3a0-277c-4de8-9384-ca07511f7894,2026-06-23 01:15:38
80cc5f5e-e008-4140-86b0-79e8caedb217,0deba010-6fa3-4eb2-a647-64f92370cb83,9325b646-8287-4df6-996a-41ec66b17582,17f7fced-acaa-41c8-99cc-80f0a2026d03,2025-11-21 17:49:11
3f54fb7a-05e2-4ec7-b7e2-959ee27929df,115b0a4a-9d9f-4e33-8005-762aeb15c3a1,07e5c0c8-5b84-4d9c-9415-3f32d30d9fb8,31c188ae-1c65-45e1-acb5-6ecfcc809254,2025-10-19 09:28:04
9549adda-4c91-47f7-af81-dc17616288a6,fbbd48e7-817f-4c19-bc14-6eda2449eb97,9964521c-5c90-486b-9bcc-8401b50ed3bb,d672f75a-58fc-4124-8058-6801bf7486f5,2026-01-13 00:27:02
03a6f291-6eb5-452f-82a1-328d46328b84,690c0cbc-2ea6-4899-a72a-beada7e14dda,c025efd7-3be1-4812-b39e-475d6ecfae4d,c75320e0-227f-4550-ab5b-05f1e1de1dde,2026-07-05 17:06:10
2822560c-8981-4109-931e-79affb45d790,78d80d41-485a-4898-97aa-d3a273dc0706,525fadd1-ceee-46d4-b6c9-8d759fe1bbcc,57ad452c-8d60-4a8f-b014-ac35e058983b,2026-03-17 21:00:00
9b00740e-282c-4d63-a4eb-287b72962164,759c24c4-ea6e-4904-98a6-b2f8d1427e1c,9964521c-5c90-486b-9bcc-8401b50ed3bb,dd8f1120-2df9-4bce-a63c-6c3612e29e82,2026-03-20 02:27:14
19881e7b-7f52-4a05-b92b-c5cd69671e70,f847794b-f019-40d6-aa77-422b94490665,62efebb5-0225-4d19-be1a-28aab79723e6,a48f62a3-44e7-410f-af67-ca8caa7500af,2026-03-03 22:30:51
5edc503a-755f-44e7-9cda-c7322f10a33e,cccabfb5-bb8f-4ab6-ab1a-f64ce4e6cbcf,b7f0bb49-fd3d-4d27-8893-a2674ec1c6d7,5e797439-0067-422c-a4e3-f976f25c9e02,2025-11-27 14:25:49
b35cd31f-4a67-4606-90df-f08f7aa27dfc,fdf0c547-55e9-447e-9e25-a997d2a00327,525fadd1-ceee-46d4-b6c9-8d759fe1bbcc,84e64d16-ae7d-4f7c-ac4c-2c16547c8ae2,2026-01-19 19:36:25
668d0513-1f07-43a6-95a2-545e92068748,08a60a08-3809-4481-8782-810ffb06de07,62efebb5-0225-4d19-be1a-28aab79723e6,72ac3225-b339-4eb8-98e8-67b2e79d59b1,2026-01-26 21:24:32
bbd0816e-25d0-4eaa-a6ad-3f4ca6395253,14afdae9-5e39-4e4f-b2e3-3b23abc81624,767740b7-433c-4802-8601-83709bcc60bd,b8e1121b-6618-4730-9a91-144a864bf1e9,2026-04-15 20:17:46
25d26589-4a4d-448a-84ea-75b471efe00c,ee69793a-fc8c-4304-beba-665766b7d87f,d8fd47d6-3f47-46d9-8830-d5a83586edcb,3699e17c-4197-4aa4-a7fb-66b5c3d25008,2025-09-12 03:07:39
94f729fe-35ba-4bc3-983e-6533fbfd64fd,cb6d1608-155a-47e8-b2d5-d1915f707ed1,cf7531b2-c2a6-45fc-ad0b-a7edbd390c97,77b3ad04-3543-42ab-b173-5174b2b905f9,2026-07-16 03:19:00
10b9ec63-a2b9-467e-b403-750013f76375,8c1319ab-8ab7-481c-b235-6fa69d9d6a94,4e540f28-f12a-41d4-9709-8755c96f144c,5bb1ccf1-fefd-4178-8220-a2b2b8b2607a,2026-02-24 08:21:12
3d02f4e7-c0e2-431d-a747-07130c0fe508,8525e208-b1fd-4cc1-ac67-362abc9c3fce,83c752ca-7595-4d4e-8916-0d59a7d5b746,8aa620f5-112f-4366-a17b-44cab7b59d17,2025-11-28 18:29:16
b373a0c7-0057-46ab-83b7-e68d338bc548,6fccae24-2c7d-4b86-9ee5-b978b9a0e678,fa5b641f-d203-4a2b-bd47-f20084a5d921,d218c511-4b8a-47cf-b175-f5e378adc672,2026-07-01 01:06:02
e9fabc32-9286-4140-88d8-1d73d1e32d6d,3c89f9ac-abe3-400f-8446-4ec064c3aef8,845d4008-28a2-4100-a0e1-bbc32d68f893,391edc46-77a6-4bc3-93a2-88cdd552e2ef,2025-11-13 06:38:51
beeb0f9a-f969-4690-bc82-0f52f68106b9,b753d838-8280-40cf-80b9-dff78bc9fb96,5e03e5f9-508e-4636-b4ee-401e771656b9,57774d06-72ec-4680-8b8e-6fe7124e771d,2026-05-05 09:25:53
a5efc2a8-e270-470d-9443-e0e4ddad8fbf,8fface8e-7ec8-4a4f-b91c-d1980043f33f,b7f0bb49-fd3d-4d27-8893-a2674ec1c6d7,c365a6e5-7df9-4bb6-b0b7-29a618d5506c,2026-08-01 06:12:43
f74cdda7-a2f8-4069-8c3f-41e8707dfa50,db66a2ed-3921-406f-97ce-98ca2c898ce1,581b291c-2bf7-4932-abdd-6a269b477e4f,575e64d5-ff22-4976-8b58-f2fbec9272c4,2026-04-01 17:01:07
e7347489-b45b-4b9a-9224-dc080a056fe1,fae109fa-f728-4cf3-9dbb-985e921f6a22,59a6d057-f43f-4214-82a5-4f70745d2ad5,913fe17a-19f0-4b90-97cb-f835217f55a8,2026-01-26 04:35:40
61346c5c-3529-4796-8967-cee4fe20f89f,42d2c2eb-3e2a-4f13-8475-7efb44eb2ad3,5281f626-a47a-4a26-a982-c6cefcf4681b,f3db342a-a580-4691-971c-5cc6854cf168,2026-09-04 10:40:41
82db910e-3009-40a2-8d53-5b0efcdc34e1,6089d96c-aea6-44b3-8c48-5c6cd6c0a48b,767740b7-433c-4802-8601-83709bcc60bd,f9eeb271-4664-4c1b-af7e-b7ab356a1b88,2025-12-06 01:13:04
2e18ba9d-03de-43cb-9d63-114fc7c3cbab,f1bc196b-9820-4a99-bc8a-23a6ba8fe6e6,5748c059-9d7b-46ca-b79a-031a7a874a84,48a47814-448e-42bd-b979-73fc704303a1,2026-03-18 22:33:04
aa951039-ced8-484c-a335-6f7f340225af,4e6b2b34-9792-4bac-8134-39cd06342d9b,845d4008-28a2-4100-a0e1-bbc32d68f893,c33469f3-de8f-4b75-8f43-24fb1c2e6c74,2026-01-16 02:33:10
9e2874bc-9449-4976-8f9f-24b739918e5a,f6e6d1b7-54a1-4326-a551-86b64c1ccedd,845d4008-28a2-4100-a0e1-bbc32d68f893,8efef363-46ee-42e0-9ee0-86c0b721b443,2026-02-04 22:41:32
1eefcbfe-5249-4fc6-a643-c5cc09eda603,4082ef21-f5a9-43c7-9e45-fb1df13fd44e,4e540f28-f12a-41d4-9709-8755c96f144c,8d126371-8461-421a-9de3-757f71c5e31c,2026-07-03 05:45:59
5faf123e-41de-45d1-a8f9-5e6d9b27d5c7,bc5a3037-716c-4544-ab22-dbbb27e62c2e,5e03e5f9-508e-4636-b4ee-401e771656b9,27f499c6-65e2-42eb-8022-1209fc80b72f,2026-05-30 09:48:06
145b9570-68ee-41d7-8974-7f3c92f99b25,930950eb-5ec2-4216-8464-af8cfe8f11db,59a6d057-f43f-4214-82a5-4f70745d2ad5,73a4850c-811d-4495-8b6d-882259d1e571,2026-05-20 21:15:55
53e044d7-ca37-471f-a68c-12ff8c9e62fc,dbe62db3-5352-43ff-b1d4-90076f06813b,9705fb0a-cc3f-4f50-bbd5-1321017f8f90,d8f87893-81ec-4137-85f7-ae808db0d6c0,2025-10-24 21:54:43
3e8b75da-97d3-42a3-a0ab-c0fe06d7213f,b3649075-6307-41d5-ab52-46a12a1ffa97,9705fb0a-cc3f-4f50-bbd5-1321017f8f90,b6b8fc04-1db8-499a-add3-48ec96e254e4,2026-04-11 07:28:25
85b37a1e-c1a8-462f-831e-fedb3d117276,94f6c73d-0813-4935-834e-707e7df49a87,83c752ca-7595-4d4e-8916-0d59a7d5b746,cb2ca487-095c-4f40-bbdf-50d4ff6739eb,2026-05-24 03:29:19
572324a3-bee3-4b15-9b43-a098049ab2b6,c7a43e44-d786-4094-b06b-2e793407eabe,df824abd-0606-4f9c-abad-e620feb70e17,78923e8d-e68f-4200-95f0-53d32774a58f,2025-10-29 19:29:53
3ccd4811-6085-4324-9e5a-37ddec5847dd,8e1eea1c-3e0f-4ba6-903e-ad3ea443dea1,5281f626-a47a-4a26-a982-c6cefcf4681b,3a3f2355-280e-49bd-9ded-edf95aa9a848,2025-10-06 12:16:20
0ec4457f-1d96-46aa-b269-ef9e02c8f394,9e6d9cb5-d33c-45d3-a99b-4f8fb5992c17,9705fb0a-cc3f-4f50-bbd5-1321017f8f90,1be7a60d-6c70-43d6-aae7-815246a22902,2025-09-13 17:48:55
be1c6b1d-6467-49d0-907d-13cff45f8f06,173c44ff-23e4-4157-926b-0f40c303537d,4e540f28-f12a-41d4-9709-8755c96f144c,d88470e6-2f50-435e-b35f-8f6a495606ba,2025-12-12 00:00:12
e13d379f-9275-4667-b4f6-d53b72e17dc7,284f2c21-cb1f-4982-96e0-fb1bde3abf99,0847ac69-27bd-4023-a695-0c0dd31bc8ea,792e9356-8333-490c-ad31-66db9139b373,2026-01-01 05:45:49
dec86328-66bb-4b8f-adc5-e5709d82ab5f,f6f0b8b9-90ef-4db3-841f-e2ab0c2cea76,525fadd1-ceee-46d4-b6c9-8d759fe1bbcc,7492ef43-ac8b-400c-8205-f29f22a6ff17,2026-08-22 09:28:36
5908eacd-ea61-43a9-bda0-aa25ac414f00,572de640-f346-47ec-b16d-1e664b1d4ddf,767740b7-433c-4802-8601-83709bcc60bd,b528550f-99b2-492a-8ebe-a62bde444ffe,2026-06-15 10:45:32
30c148a4-e4da-4be1-9f83-2e0bf218e813,7c083644-4de4-4afe-a42a-f6511c8cf90c,845d4008-28a2-4100-a0e1-bbc32d68f893,0646a750-410b-400d-b19c-dfb69eadb2df,2026-02-20 17:37:23
48242554-6249-47de-b529-af94b850960e,06939fc3-bd39-4a7f-aecb-d8630fc13373,0847ac69-27bd-4023-a695-0c0dd31bc8ea,84bffff2-bc11-4af8-a5a6-9027d0b4c16a,2025-12-25 23:04:06
e9f59857-9fdf-4e83-b3a0-57d83fa31b56,cfd55735-0ac9-4263-972f-09e06db38a31,cf7531b2-c2a6-45fc-ad0b-a7edbd390c97,43f36f02-3472-48c1-81ce-bf1fcc41af15,2026-08-04 07:17:03
e63c46ad-4b7e-46e4-a55b-2af4a60629fa,a8cf8534-a1d0-4785-b953-27b1764a0f0f,07e5c0c8-5b84-4d9c-9415-3f32d30d9fb8,6e840914-5a73-4e97-81bf-f90968027046,2026-03-10 16:25:44
291e05d0-03f1-4583-ac2b-37f93680327d,d60f098b-ae06-478d-b88e-1fb27dcab511,9325b646-8287-4df6-996a-41ec66b17582,5a459856-25dd-4200-a8a8-8f4bdcb86a13,2026-01-08 02:22:53
e1f2020b-c445-4169-962c-fdde55a750ae,9d534d88-161c-43ab-bb71-cd3cfe8f9a2b,767740b7-433c-4802-8601-83709bcc60bd,61bb767a-b170-406a-b6fe-7553cdf430d8,2026-03-08 05:06:50
e816d546-2108-4d47-af19-ce74a5d96e3c,eeb97664-f34b-4785-8a18-e55536ec2ee8,845d4008-28a2-4100-a0e1-bbc32d68f893,ea0a7990-d93d-4c1c-9b72-21954d48870a,2026-02-04 21:18:33
eea19bb5-541f-40dc-98b5-3f459067272a,2d5b4547-c07f-4db0-9af2-bafd3c511267,d8fd47d6-3f47-46d9-8830-d5a83586edcb,180beadf-1059-4e2a-bc84-8c7077a60f1e,2026-02-02 23:26:02
d401fdb9-ffd1-449a-ba9d-d5e696c663d2,e843c5cc-e8a7-4296-8204-a7f15ca6aa88,62efebb5-0225-4d19-be1a-28aab79723e6,035fecb8-a693-449d-9de0-92a51f9695e5,2025-11-28 15:44:25
8685c1ac-074b-4cfb-abec-8c40cfd8e3bd,2a10e863-66c0-41c1-9dfa-025a221ec3f5,cf7531b2-c2a6-45fc-ad0b-a7edbd390c97,fdb5026e-273c-4dd5-8881-a3dd037e8525,2026-05-22 19:14:05
10e76521-4dda-445b-8bf0-5b6aa454d6de,01091547-e6cd-4c1c-bd56-994345294f5d,257b6c00-e6fd-4ca5-9850-2bc1de5ec2f0,97e7e560-0daa-4a76-a717-9f5e8ba06480,2025-09-28 08:19:56
8b181d16-9e04-40dc-9fec-7f2051f063b7,aa51c69b-3989-4a5e-93da-014ddd7dbba4,d29debd6-c789-49ce-be94-0110e09cde1a,07fffcb3-43e8-41e2-b037-cc0a8061fcf1,2026-02-26 13:07:49
57704b99-917c-4ca7-a250-9d7cf231ed51,c12271f4-2f85-4a5f-8d07-ccb941ce7f09,767740b7-433c-4802-8601-83709bcc60bd,5e276f97-5ece-42f7-960f-569f9b05bf1d,2026-08-11 09:44:25
df2a3c66-93b7-4f48-b0f4-3ad83e47a798,2e77d939-cdc9-429b-82c0-33c0c394e145,cf7531b2-c2a6-45fc-ad0b-a7edbd390c97,038b6f96-2a44-48f0-95e4-7868e384461c,2026-08-03 00:30:01
c09ccdc9-2d58-4e4c-b673-c98b6a2a0faa,a9a74a22-3402-4795-a1f0-c5d6084a208a,c6810b98-73d2-40ed-a3ac-203a0779d182,24c00fb0-e965-4baf-b3f4-1f8b9b524228,2025-10-07 22:57:48
89e151fe-8f92-4df5-a0a1-a50ed9d653ba,4bc22b67-6055-44b7-b49b-e7ab0db97a7e,9964521c-5c90-486b-9bcc-8401b50ed3bb,3d0a1fdd-cd2a-4c57-84a2-3d957a49ef62,2026-04-26 04:51:23
35c831d2-1ed6-4710-8981-a15752341589,b248f76c-4de1-40b6-91a3-85d0279634c3,9325b646-8287-4df6-996a-41ec66b17582,e6d11c50-1594-4125-99a3-b3eba3bfcf35,2026-06-30 01:09:29
883605d2-407b-457d-8fca-a1bf1f6b3207,38d3b1e1-eca0-416f-8ed8-c982489ea5ac,c025efd7-3be1-4812-b39e-475d6ecfae4d,8f8085d3-eeb6-4fc0-ad7e-1d44ad749963,2025-09-24 09:23:47
